run,variable,lead_hours,wavenumber,power_ratio
baseline17,Z500,24,1,0.9621734712962933
baseline17,Z500,24,2,0.9710486695589903
baseline17,Z500,24,3,0.9396081970376757
baseline17,Z500,24,4,0.8198513289080553
baseline17,Z500,24,5,0.7430146338950401
baseline17,Z500,24,6,0.6705128296493784
baseline17,Z500,24,7,0.6650405525017575
baseline17,Z500,24,8,0.7166001322983688
baseline17,Z500,24,9,0.8579816421256576
baseline17,Z500,24,10,1.0913505959514576
baseline17,Z500,24,11,1.2907114986330719
baseline17,Z500,24,12,1.5612081508314835
baseline17,Z500,24,13,2.0417470770837873
baseline17,Z500,24,14,2.448043528661711
baseline17,Z500,24,15,3.201084974621184
baseline17,Z500,24,16,4.6665340510844695
baseline17,Z500,24,17,5.45904962054962
baseline17,Z500,24,18,6.941369719227979
baseline17,Z500,24,19,9.123313554359028
baseline17,Z500,24,20,10.28555842678755
baseline17,Z500,24,21,11.615944887724561
baseline17,Z500,24,22,13.954870173003263
baseline17,Z500,24,23,16.394573229504662
baseline17,Z500,24,24,19.67224380654973
baseline17,Z500,24,25,24.512742586675735
baseline17,Z500,24,26,30.831374652729597
baseline17,Z500,24,27,38.38690701617438
baseline17,Z500,24,28,46.18072372498505
baseline17,Z500,24,29,57.160164921420645
baseline17,Z500,24,30,62.17135451984205
baseline17,Z500,24,31,65.78933747969167
baseline17,Z500,24,32,78.72747479790078
baseline17,T850,24,1,0.9996430559782563
baseline17,T850,24,2,1.005027748199741
baseline17,T850,24,3,0.9966465456990523
baseline17,T850,24,4,0.9578123801523409
baseline17,T850,24,5,0.9314195103382734
baseline17,T850,24,6,0.894083812141685
baseline17,T850,24,7,0.8642160999895677
baseline17,T850,24,8,0.8758291064644649
baseline17,T850,24,9,0.9623125469664119
baseline17,T850,24,10,1.0400217494531676
baseline17,T850,24,11,1.0670276468109654
baseline17,T850,24,12,1.2034748228002756
baseline17,T850,24,13,1.2773817633037232
baseline17,T850,24,14,1.3634331142499112
baseline17,T850,24,15,1.4715490660380026
baseline17,T850,24,16,1.6507770892058122
baseline17,T850,24,17,1.785835337624036
baseline17,T850,24,18,1.8205241931249383
baseline17,T850,24,19,2.000755708435873
baseline17,T850,24,20,2.053211989937365
baseline17,T850,24,21,2.0869229909287137
baseline17,T850,24,22,2.292384858381175
baseline17,T850,24,23,2.295395729062666
baseline17,T850,24,24,2.482651293843576
baseline17,T850,24,25,2.765952873263835
baseline17,T850,24,26,2.9381749169098796
baseline17,T850,24,27,3.1972693224864943
baseline17,T850,24,28,3.8534930608046944
baseline17,T850,24,29,4.062349620618091
baseline17,T850,24,30,4.282088041131783
baseline17,T850,24,31,4.6134843085307224
baseline17,T850,24,32,4.895578421732528
baseline17,Q850,24,1,0.9660525608197291
baseline17,Q850,24,2,0.9772048441534298
baseline17,Q850,24,3,0.9729620444695325
baseline17,Q850,24,4,0.9530643743223551
baseline17,Q850,24,5,0.9368220413206517
baseline17,Q850,24,6,0.9119816691002798
baseline17,Q850,24,7,0.8711580025080686
baseline17,Q850,24,8,0.8913529675780205
baseline17,Q850,24,9,0.8814827769455442
baseline17,Q850,24,10,0.8845357260657525
baseline17,Q850,24,11,0.8917082496508149
baseline17,Q850,24,12,0.8733969475798203
baseline17,Q850,24,13,0.9348653343453124
baseline17,Q850,24,14,0.9219485188183917
baseline17,Q850,24,15,0.9653409858590876
baseline17,Q850,24,16,0.9874899299239162
baseline17,Q850,24,17,0.979415893872143
baseline17,Q850,24,18,0.9487634840310922
baseline17,Q850,24,19,0.9733180245579398
baseline17,Q850,24,20,1.0218302469483505
baseline17,Q850,24,21,0.9801418621275371
baseline17,Q850,24,22,1.032208613343377
baseline17,Q850,24,23,1.0792309175376344
baseline17,Q850,24,24,1.049352048010103
baseline17,Q850,24,25,1.0417316786621946
baseline17,Q850,24,26,1.110111708570241
baseline17,Q850,24,27,1.1059123692128623
baseline17,Q850,24,28,1.1052502635372679
baseline17,Q850,24,29,1.1494771131241281
baseline17,Q850,24,30,1.160366634318136
baseline17,Q850,24,31,1.1753543179890844
baseline17,Q850,24,32,1.2606555326452111
baseline17,TP6h,24,1,0.6792362175012859
baseline17,TP6h,24,2,0.6081668071070578
baseline17,TP6h,24,3,0.5888255770199256
baseline17,TP6h,24,4,0.5026475509939894
baseline17,TP6h,24,5,0.4883273524175927
baseline17,TP6h,24,6,0.43245752044194946
baseline17,TP6h,24,7,0.42235684935209045
baseline17,TP6h,24,8,0.4028091991105992
baseline17,TP6h,24,9,0.3696348187582104
baseline17,TP6h,24,10,0.3475924359395373
baseline17,TP6h,24,11,0.3143541342967634
baseline17,TP6h,24,12,0.3064882256274814
baseline17,TP6h,24,13,0.2904897672600708
baseline17,TP6h,24,14,0.2688178823384183
baseline17,TP6h,24,15,0.24966250566694959
baseline17,TP6h,24,16,0.2532276819111043
baseline17,TP6h,24,17,0.23538216035858694
baseline17,TP6h,24,18,0.21379842131177537
baseline17,TP6h,24,19,0.19141576931763954
baseline17,TP6h,24,20,0.1928313627364353
baseline17,TP6h,24,21,0.1781761361817662
baseline17,TP6h,24,22,0.1635180853907141
baseline17,TP6h,24,23,0.1607697963724029
baseline17,TP6h,24,24,0.1619535367288617
baseline17,TP6h,24,25,0.1502506066761491
baseline17,TP6h,24,26,0.1509467842096628
baseline17,TP6h,24,27,0.14114669043383782
baseline17,TP6h,24,28,0.1391972736381417
baseline17,TP6h,24,29,0.1311353305852814
baseline17,TP6h,24,30,0.13341953358857703
baseline17,TP6h,24,31,0.1422564441885695
baseline17,TP6h,24,32,0.1776018316936188
baseline17,Z500,120,1,0.825010100932494
baseline17,Z500,120,2,0.8023641662990895
baseline17,Z500,120,3,0.6742708345947364
baseline17,Z500,120,4,0.5551748847208821
baseline17,Z500,120,5,0.5135075982393417
baseline17,Z500,120,6,0.52737457817661
baseline17,Z500,120,7,0.6451858228033153
baseline17,Z500,120,8,0.8587771846002943
baseline17,Z500,120,9,1.3867790551030883
baseline17,Z500,120,10,2.0400361878926896
baseline17,Z500,120,11,3.2394929383237625
baseline17,Z500,120,12,5.3195021657935655
baseline17,Z500,120,13,8.30762961913523
baseline17,Z500,120,14,11.17112058360356
baseline17,Z500,120,15,17.062834542666497
baseline17,Z500,120,16,50.82833805319695
baseline17,Z500,120,17,31.743782242552523
baseline17,Z500,120,18,36.01579941417736
baseline17,Z500,120,19,42.071909320810384
baseline17,Z500,120,20,42.85933255662827
baseline17,Z500,120,21,49.111808243424186
baseline17,Z500,120,22,54.27118954503783
baseline17,Z500,120,23,67.53778791523595
baseline17,Z500,120,24,82.505660234428
baseline17,Z500,120,25,107.39158772668607
baseline17,Z500,120,26,132.13489188494262
baseline17,Z500,120,27,182.4425908583548
baseline17,Z500,120,28,227.09056671111446
baseline17,Z500,120,29,289.77867807247475
baseline17,Z500,120,30,327.336562445923
baseline17,Z500,120,31,374.7319365088748
baseline17,Z500,120,32,1094.7047434382175
baseline17,T850,120,1,0.9928574361798775
baseline17,T850,120,2,0.9672989939342839
baseline17,T850,120,3,0.9105138137888338
baseline17,T850,120,4,0.8356108250626096
baseline17,T850,120,5,0.7259568537436222
baseline17,T850,120,6,0.7122190484476412
baseline17,T850,120,7,0.7853269837573631
baseline17,T850,120,8,0.918419714869793
baseline17,T850,120,9,1.1794090750476602
baseline17,T850,120,10,1.4383081666997337
baseline17,T850,120,11,1.8797404662153385
baseline17,T850,120,12,2.324706035405936
baseline17,T850,120,13,2.9546768535084387
baseline17,T850,120,14,3.5382565584823666
baseline17,T850,120,15,4.386458088448997
baseline17,T850,120,16,11.52292545515107
baseline17,T850,120,17,5.9163297118710005
baseline17,T850,120,18,5.176280805473255
baseline17,T850,120,19,6.401424917612716
baseline17,T850,120,20,5.7015874128353685
baseline17,T850,120,21,5.779704837531679
baseline17,T850,120,22,6.035429135935157
baseline17,T850,120,23,6.230913195542747
baseline17,T850,120,24,6.809815927544603
baseline17,T850,120,25,8.088443681157354
baseline17,T850,120,26,9.154258522500212
baseline17,T850,120,27,11.135430470858322
baseline17,T850,120,28,14.690222826594068
baseline17,T850,120,29,18.14897446836646
baseline17,T850,120,30,22.069054155956675
baseline17,T850,120,31,25.810570782861816
baseline17,T850,120,32,62.64086253763583
baseline17,Q850,120,1,0.9085807735437549
baseline17,Q850,120,2,0.9174992965014778
baseline17,Q850,120,3,0.8796041951415666
baseline17,Q850,120,4,0.8600562816023776
baseline17,Q850,120,5,0.810431934228891
baseline17,Q850,120,6,0.7793301049236858
baseline17,Q850,120,7,0.786329078994292
baseline17,Q850,120,8,0.8176373398346135
baseline17,Q850,120,9,0.8199567183914814
baseline17,Q850,120,10,0.8486851860132143
baseline17,Q850,120,11,0.9082000628375982
baseline17,Q850,120,12,0.9184391809375724
baseline17,Q850,120,13,1.0183662592238463
baseline17,Q850,120,14,1.0687164868107317
baseline17,Q850,120,15,1.1578100509642342
baseline17,Q850,120,16,1.9694664626968645
baseline17,Q850,120,17,1.3327337180664551
baseline17,Q850,120,18,1.2871871267998494
baseline17,Q850,120,19,1.3099697886953576
baseline17,Q850,120,20,1.350351354612227
baseline17,Q850,120,21,1.3448304383604839
baseline17,Q850,120,22,1.315859834347811
baseline17,Q850,120,23,1.3688721677303017
baseline17,Q850,120,24,1.4449864954616864
baseline17,Q850,120,25,1.522546378918849
baseline17,Q850,120,26,1.6090645056266846
baseline17,Q850,120,27,1.7513554063233912
baseline17,Q850,120,28,1.869371636193243
baseline17,Q850,120,29,2.0300645986898194
baseline17,Q850,120,30,2.070624476924421
baseline17,Q850,120,31,2.1080586054571735
baseline17,Q850,120,32,4.31009577719266
baseline17,TP6h,120,1,0.5365681724288783
baseline17,TP6h,120,2,0.47291389597454775
baseline17,TP6h,120,3,0.40493074374954097
baseline17,TP6h,120,4,0.3044317535296958
baseline17,TP6h,120,5,0.24917971556994792
baseline17,TP6h,120,6,0.20139157361943819
baseline17,TP6h,120,7,0.1871945199467645
baseline17,TP6h,120,8,0.1760696215089235
baseline17,TP6h,120,9,0.15099373518610368
baseline17,TP6h,120,10,0.14668902430573322
baseline17,TP6h,120,11,0.14400020233793373
baseline17,TP6h,120,12,0.15494098165566936
baseline17,TP6h,120,13,0.16220401514848615
baseline17,TP6h,120,14,0.15253925252955294
baseline17,TP6h,120,15,0.16278248750028732
baseline17,TP6h,120,16,0.31031778555616885
baseline17,TP6h,120,17,0.14458048881133184
baseline17,TP6h,120,18,0.12910086412925745
baseline17,TP6h,120,19,0.12762062704484098
baseline17,TP6h,120,20,0.12401483946709983
baseline17,TP6h,120,21,0.11685464624622903
baseline17,TP6h,120,22,0.11491017766498009
baseline17,TP6h,120,23,0.10494968483662534
baseline17,TP6h,120,24,0.112900957095251
baseline17,TP6h,120,25,0.10501694175561561
baseline17,TP6h,120,26,0.11428168296685462
baseline17,TP6h,120,27,0.11189225167333942
baseline17,TP6h,120,28,0.13285409840346846
baseline17,TP6h,120,29,0.1336985885088786
baseline17,TP6h,120,30,0.14008451971089905
baseline17,TP6h,120,31,0.16001929337662094
baseline17,TP6h,120,32,0.4515882450480692
pyramid,Z500,24,1,0.9730726664967697
pyramid,Z500,24,2,0.9865280237286563
pyramid,Z500,24,3,0.965198217799947
pyramid,Z500,24,4,0.8499109338216918
pyramid,Z500,24,5,0.7796354749845701
pyramid,Z500,24,6,0.700254409584362
pyramid,Z500,24,7,0.6774673546474025
pyramid,Z500,24,8,0.7346030433253348
pyramid,Z500,24,9,0.8857927149893927
pyramid,Z500,24,10,1.1067973981243175
pyramid,Z500,24,11,1.3534065276293203
pyramid,Z500,24,12,1.5929266585469275
pyramid,Z500,24,13,2.077627007473552
pyramid,Z500,24,14,2.4979257561315484
pyramid,Z500,24,15,3.179164849300584
pyramid,Z500,24,16,4.638666213045069
pyramid,Z500,24,17,4.87987104679865
pyramid,Z500,24,18,6.320672661261271
pyramid,Z500,24,19,8.549676470219413
pyramid,Z500,24,20,9.789565919064794
pyramid,Z500,24,21,11.27369867644567
pyramid,Z500,24,22,12.953259938949103
pyramid,Z500,24,23,14.480772699926927
pyramid,Z500,24,24,17.72839004235373
pyramid,Z500,24,25,21.348022055280328
pyramid,Z500,24,26,27.1322378614483
pyramid,Z500,24,27,34.23539989395821
pyramid,Z500,24,28,39.33681221448298
pyramid,Z500,24,29,45.86241437982217
pyramid,Z500,24,30,50.44438521063049
pyramid,Z500,24,31,53.790463944252764
pyramid,Z500,24,32,62.347681026714305
pyramid,T850,24,1,1.001064613017832
pyramid,T850,24,2,1.004712931017109
pyramid,T850,24,3,1.002171235786846
pyramid,T850,24,4,0.9580816277079658
pyramid,T850,24,5,0.9398985779807078
pyramid,T850,24,6,0.9142449746794857
pyramid,T850,24,7,0.8769870696312188
pyramid,T850,24,8,0.892017290267363
pyramid,T850,24,9,0.9946889119334175
pyramid,T850,24,10,1.0564008958096407
pyramid,T850,24,11,1.1230222053318104
pyramid,T850,24,12,1.2115031097658226
pyramid,T850,24,13,1.324212884203174
pyramid,T850,24,14,1.407131574909587
pyramid,T850,24,15,1.4612923676148042
pyramid,T850,24,16,1.6601481279241743
pyramid,T850,24,17,1.7025707987555603
pyramid,T850,24,18,1.7629522714915875
pyramid,T850,24,19,1.923019383294842
pyramid,T850,24,20,1.969220074003701
pyramid,T850,24,21,1.9735964560457648
pyramid,T850,24,22,2.096376565003033
pyramid,T850,24,23,2.137080853440649
pyramid,T850,24,24,2.195222729976143
pyramid,T850,24,25,2.4281897737987603
pyramid,T850,24,26,2.621509927749221
pyramid,T850,24,27,2.8233833528245653
pyramid,T850,24,28,3.320809887925866
pyramid,T850,24,29,3.526376214083299
pyramid,T850,24,30,3.606111757494667
pyramid,T850,24,31,3.867813887761142
pyramid,T850,24,32,4.331048644873415
pyramid,Q850,24,1,0.9788641762309291
pyramid,Q850,24,2,0.9863989406188908
pyramid,Q850,24,3,0.9852754982538384
pyramid,Q850,24,4,0.9585324839858606
pyramid,Q850,24,5,0.9401019259997976
pyramid,Q850,24,6,0.909908454833999
pyramid,Q850,24,7,0.8657726454427427
pyramid,Q850,24,8,0.8882192797573119
pyramid,Q850,24,9,0.882452123972094
pyramid,Q850,24,10,0.8740072525136041
pyramid,Q850,24,11,0.8791979950845846
pyramid,Q850,24,12,0.8712450839699465
pyramid,Q850,24,13,0.9289763549325237
pyramid,Q850,24,14,0.9304545844862846
pyramid,Q850,24,15,0.9418766345124705
pyramid,Q850,24,16,0.9752664178391784
pyramid,Q850,24,17,0.9642599501528291
pyramid,Q850,24,18,0.9200073818509217
pyramid,Q850,24,19,0.9647935461197533
pyramid,Q850,24,20,1.0003095084481395
pyramid,Q850,24,21,0.962647439344024
pyramid,Q850,24,22,1.0080755440291462
pyramid,Q850,24,23,1.038781951261
pyramid,Q850,24,24,1.0058941324085342
pyramid,Q850,24,25,1.0005124693075738
pyramid,Q850,24,26,1.0536660737966472
pyramid,Q850,24,27,1.0491640724199658
pyramid,Q850,24,28,1.0862415602685689
pyramid,Q850,24,29,1.0993620600831804
pyramid,Q850,24,30,1.1021608571533426
pyramid,Q850,24,31,1.1392890944098166
pyramid,Q850,24,32,1.1949021755150064
pyramid,TP6h,24,1,0.6542634972290955
pyramid,TP6h,24,2,0.5915109795221599
pyramid,TP6h,24,3,0.5819385482802589
pyramid,TP6h,24,4,0.48610783348003156
pyramid,TP6h,24,5,0.47559349052439465
pyramid,TP6h,24,6,0.42125946515413776
pyramid,TP6h,24,7,0.41101844056095493
pyramid,TP6h,24,8,0.3980889350070582
pyramid,TP6h,24,9,0.3662403247731085
pyramid,TP6h,24,10,0.3380606116702415
pyramid,TP6h,24,11,0.31099889950083626
pyramid,TP6h,24,12,0.2987927142544173
pyramid,TP6h,24,13,0.2809869354542962
pyramid,TP6h,24,14,0.26472839640122725
pyramid,TP6h,24,15,0.24120973115238775
pyramid,TP6h,24,16,0.2407352346819068
pyramid,TP6h,24,17,0.22760884139882898
pyramid,TP6h,24,18,0.20252754494966757
pyramid,TP6h,24,19,0.18480122310045013
pyramid,TP6h,24,20,0.1854141861186267
pyramid,TP6h,24,21,0.16943758139554446
pyramid,TP6h,24,22,0.15685314550019225
pyramid,TP6h,24,23,0.1520382705160684
pyramid,TP6h,24,24,0.15293371470330278
pyramid,TP6h,24,25,0.14187021938550723
pyramid,TP6h,24,26,0.14107409915296248
pyramid,TP6h,24,27,0.12847533309919051
pyramid,TP6h,24,28,0.1303180103406932
pyramid,TP6h,24,29,0.12344281882618995
pyramid,TP6h,24,30,0.12726051814901693
pyramid,TP6h,24,31,0.1297936029319357
pyramid,TP6h,24,32,0.15527596899776383
pyramid,Z500,120,1,0.883768679124343
pyramid,Z500,120,2,0.8408899299146241
pyramid,Z500,120,3,0.7730772683339744
pyramid,Z500,120,4,0.665660674952563
pyramid,Z500,120,5,0.6181912930986896
pyramid,Z500,120,6,0.6123449632865015
pyramid,Z500,120,7,0.7135754859343146
pyramid,Z500,120,8,0.9348715854206119
pyramid,Z500,120,9,1.3991545573534556
pyramid,Z500,120,10,2.03449341995186
pyramid,Z500,120,11,3.2109815788931466
pyramid,Z500,120,12,5.272805821926809
pyramid,Z500,120,13,7.4133988674471585
pyramid,Z500,120,14,10.023437084812189
pyramid,Z500,120,15,15.600297361962404
pyramid,Z500,120,16,46.42338660909876
pyramid,Z500,120,17,26.248709773208013
pyramid,Z500,120,18,28.874768196994108
pyramid,Z500,120,19,34.73324068581788
pyramid,Z500,120,20,36.38698525309734
pyramid,Z500,120,21,40.427699782921096
pyramid,Z500,120,22,41.431985869377094
pyramid,Z500,120,23,51.526964829707325
pyramid,Z500,120,24,64.05276313427387
pyramid,Z500,120,25,80.18896807309733
pyramid,Z500,120,26,99.51047226929848
pyramid,Z500,120,27,145.97793703670322
pyramid,Z500,120,28,180.14523930817487
pyramid,Z500,120,29,227.04952746804557
pyramid,Z500,120,30,263.5723552260676
pyramid,Z500,120,31,302.8267273351494
pyramid,Z500,120,32,540.0467081803872
pyramid,T850,120,1,1.0042474416550515
pyramid,T850,120,2,0.949228005924984
pyramid,T850,120,3,0.9360522072709824
pyramid,T850,120,4,0.8593937875460164
pyramid,T850,120,5,0.7428563012873433
pyramid,T850,120,6,0.7557008675099146
pyramid,T850,120,7,0.859401090911408
pyramid,T850,120,8,0.9761363093806262
pyramid,T850,120,9,1.2970353612251961
pyramid,T850,120,10,1.4927501207040148
pyramid,T850,120,11,1.9100243167104685
pyramid,T850,120,12,2.2274137857095098
pyramid,T850,120,13,2.9440511726525465
pyramid,T850,120,14,3.4987875832828967
pyramid,T850,120,15,4.315105396549029
pyramid,T850,120,16,9.147854573952575
pyramid,T850,120,17,5.202767391065189
pyramid,T850,120,18,4.886563298962277
pyramid,T850,120,19,5.622448531754641
pyramid,T850,120,20,5.102236916244799
pyramid,T850,120,21,5.052878420299551
pyramid,T850,120,22,5.3868265509438835
pyramid,T850,120,23,5.745131455082973
pyramid,T850,120,24,5.923740075719846
pyramid,T850,120,25,6.836204691112364
pyramid,T850,120,26,7.965695051437843
pyramid,T850,120,27,9.714366341148658
pyramid,T850,120,28,12.234351849563726
pyramid,T850,120,29,15.35711671762231
pyramid,T850,120,30,17.398114266922992
pyramid,T850,120,31,20.39335105542564
pyramid,T850,120,32,51.411188918669836
pyramid,Q850,120,1,0.9504094299818316
pyramid,Q850,120,2,0.9715662455705751
pyramid,Q850,120,3,0.8985029821627375
pyramid,Q850,120,4,0.8854401576159574
pyramid,Q850,120,5,0.8328743725083585
pyramid,Q850,120,6,0.7803908679679163
pyramid,Q850,120,7,0.7918075046122433
pyramid,Q850,120,8,0.8052395427740634
pyramid,Q850,120,9,0.8133292659515162
pyramid,Q850,120,10,0.8291613178973495
pyramid,Q850,120,11,0.8761659607639125
pyramid,Q850,120,12,0.88802523350309
pyramid,Q850,120,13,0.9679745066935457
pyramid,Q850,120,14,1.051351653045433
pyramid,Q850,120,15,1.060304450283766
pyramid,Q850,120,16,1.5050956013418213
pyramid,Q850,120,17,1.1851540575607669
pyramid,Q850,120,18,1.1534014373445207
pyramid,Q850,120,19,1.2315786528238788
pyramid,Q850,120,20,1.2654748962013254
pyramid,Q850,120,21,1.2856586479034993
pyramid,Q850,120,22,1.2167382678750303
pyramid,Q850,120,23,1.2419972778850825
pyramid,Q850,120,24,1.3059701451069692
pyramid,Q850,120,25,1.3659234492897705
pyramid,Q850,120,26,1.4098440982723033
pyramid,Q850,120,27,1.4999125914723674
pyramid,Q850,120,28,1.6591942069570402
pyramid,Q850,120,29,1.845806151822115
pyramid,Q850,120,30,1.8217793895529928
pyramid,Q850,120,31,1.9976821313198336
pyramid,Q850,120,32,3.5833130654123035
pyramid,TP6h,120,1,0.5312227158027159
pyramid,TP6h,120,2,0.45081910229992955
pyramid,TP6h,120,3,0.39073402197249124
pyramid,TP6h,120,4,0.28579064854917197
pyramid,TP6h,120,5,0.23130202885126205
pyramid,TP6h,120,6,0.17532783072711816
pyramid,TP6h,120,7,0.16190347342942232
pyramid,TP6h,120,8,0.16210807843690403
pyramid,TP6h,120,9,0.13055614154692824
pyramid,TP6h,120,10,0.12564783618186728
pyramid,TP6h,120,11,0.12141471948340796
pyramid,TP6h,120,12,0.13222997966642577
pyramid,TP6h,120,13,0.1527343228889556
pyramid,TP6h,120,14,0.13068534684435634
pyramid,TP6h,120,15,0.13324682906376656
pyramid,TP6h,120,16,0.28845921635455335
pyramid,TP6h,120,17,0.12678157511412666
pyramid,TP6h,120,18,0.11041146830507155
pyramid,TP6h,120,19,0.11227778482830557
pyramid,TP6h,120,20,0.1039818019121101
pyramid,TP6h,120,21,0.09614567997997851
pyramid,TP6h,120,22,0.09567099398668105
pyramid,TP6h,120,23,0.08764397985108197
pyramid,TP6h,120,24,0.08942885058029948
pyramid,TP6h,120,25,0.08170236703155012
pyramid,TP6h,120,26,0.08549898813956887
pyramid,TP6h,120,27,0.08361068412070732
pyramid,TP6h,120,28,0.10095392732418171
pyramid,TP6h,120,29,0.09737103868918914
pyramid,TP6h,120,30,0.10821722585251323
pyramid,TP6h,120,31,0.11434898051684761
pyramid,TP6h,120,32,0.30200506437918445
