run,seed,variable,lead_hours,metric,value
pyramid,0,Q250,6.0,rmse,2.05359154785778e-05
pyramid,0,Q250,12.0,rmse,3.201065550749754e-05
pyramid,0,Q250,18.0,rmse,3.886733836760375e-05
pyramid,0,Q250,24.0,rmse,4.37482258286008e-05
pyramid,0,Q250,30.0,rmse,4.815166954015577e-05
pyramid,0,Q250,36.0,rmse,5.17937815214578e-05
pyramid,0,Q250,42.0,rmse,5.487262837688818e-05
pyramid,0,Q250,48.0,rmse,5.8077672898239814e-05
pyramid,0,Q250,54.0,rmse,6.218034262148571e-05
pyramid,0,Q250,60.0,rmse,6.701417712842341e-05
pyramid,0,Q250,66.0,rmse,7.285845324316662e-05
pyramid,0,Q250,72.0,rmse,8.03559439623387e-05
pyramid,0,Q250,78.0,rmse,9.044958899962609e-05
pyramid,0,Q250,84.0,rmse,0.00010381903733982198
pyramid,0,Q250,90.0,rmse,0.00012186285441344134
pyramid,0,Q250,96.0,rmse,0.00014708354451808416
pyramid,0,Q250,102.0,rmse,0.0001827513523097025
pyramid,0,Q250,108.0,rmse,0.00023244307878783133
pyramid,0,Q250,114.0,rmse,0.00029997003124477694
pyramid,0,Q250,120.0,rmse,0.00038800219166352444
pyramid,0,Q250,6.0,rmse_climatology,4.5706789792078294e-05
pyramid,0,Q250,12.0,rmse_climatology,4.5691090822124113e-05
pyramid,0,Q250,18.0,rmse_climatology,4.5644162139974446e-05
pyramid,0,Q250,24.0,rmse_climatology,4.565867988760338e-05
pyramid,0,Q250,30.0,rmse_climatology,4.5672497144388745e-05
pyramid,0,Q250,36.0,rmse_climatology,4.5695018255061696e-05
pyramid,0,Q250,42.0,rmse_climatology,4.5679180495908e-05
pyramid,0,Q250,48.0,rmse_climatology,4.563604972757267e-05
pyramid,0,Q250,54.0,rmse_climatology,4.5648377450579724e-05
pyramid,0,Q250,60.0,rmse_climatology,4.56624835312721e-05
pyramid,0,Q250,66.0,rmse_climatology,4.5683910900666625e-05
pyramid,0,Q250,72.0,rmse_climatology,4.566623617882509e-05
pyramid,0,Q250,78.0,rmse_climatology,4.5622590540391474e-05
pyramid,0,Q250,84.0,rmse_climatology,4.5636740000417654e-05
pyramid,0,Q250,90.0,rmse_climatology,4.5653268610290015e-05
pyramid,0,Q250,96.0,rmse_climatology,4.5677707409300114e-05
pyramid,0,Q250,102.0,rmse_climatology,4.5664238399945484e-05
pyramid,0,Q250,108.0,rmse_climatology,4.562422462738243e-05
pyramid,0,Q250,114.0,rmse_climatology,4.5640488979823676e-05
pyramid,0,Q250,120.0,rmse_climatology,4.565530884161522e-05
pyramid,0,Q250,6.0,skill,0.550703176224006
pyramid,0,Q250,12.0,skill,0.2994114403590111
pyramid,0,Q250,18.0,skill,0.14847076722733088
pyramid,0,Q250,24.0,skill,0.04184207830155151
pyramid,0,Q250,30.0,skill,-0.05428151624662392
pyramid,0,Q250,36.0,skill,-0.1334666994190452
pyramid,0,Q250,42.0,skill,-0.2012612262561002
pyramid,0,Q250,48.0,skill,-0.2726270841788063
pyramid,0,Q250,54.0,skill,-0.3621588782384211
pyramid,0,Q250,60.0,skill,-0.4675981669400118
pyramid,0,Q250,66.0,skill,-0.5948383535198485
pyramid,0,Q250,72.0,skill,-0.759635798485158
pyramid,0,Q250,78.0,skill,-0.982561444413103
pyramid,0,Q250,84.0,skill,-1.2749003837450235
pyramid,0,Q250,90.0,skill,-1.6693128032890523
pyramid,0,Q250,96.0,skill,-2.220029043930027
pyramid,0,Q250,102.0,skill,-3.0020672349573374
pyramid,0,Q250,108.0,skill,-4.094729404964512
pyramid,0,Q250,114.0,skill,-5.57245437000872
pyramid,0,Q250,120.0,skill,-7.498512035250037
pyramid,0,Q250,6.0,rmse_persistence,2.0760280103697867e-05
pyramid,0,Q250,12.0,rmse_persistence,3.26374224909776e-05
pyramid,0,Q250,18.0,rmse_persistence,3.967036356410667e-05
pyramid,0,Q250,24.0,rmse_persistence,4.447222436319147e-05
pyramid,0,Q250,30.0,rmse_persistence,4.856373642898637e-05
pyramid,0,Q250,36.0,rmse_persistence,5.1512646077125526e-05
pyramid,0,Q250,42.0,rmse_persistence,5.3367246377888745e-05
pyramid,0,Q250,48.0,rmse_persistence,5.471901281490932e-05
pyramid,0,Q250,54.0,rmse_persistence,5.622956528079027e-05
pyramid,0,Q250,60.0,rmse_persistence,5.7373956902531863e-05
pyramid,0,Q250,66.0,rmse_persistence,5.796698013951411e-05
pyramid,0,Q250,72.0,rmse_persistence,5.833785984563393e-05
pyramid,0,Q250,78.0,rmse_persistence,5.8989679871782624e-05
pyramid,0,Q250,84.0,rmse_persistence,5.950761739439282e-05
pyramid,0,Q250,90.0,rmse_persistence,5.972444294590922e-05
pyramid,0,Q250,96.0,rmse_persistence,5.986007263370627e-05
pyramid,0,Q250,102.0,rmse_persistence,6.030397789844014e-05
pyramid,0,Q250,108.0,rmse_persistence,6.067925890668692e-05
pyramid,0,Q250,114.0,rmse_persistence,6.08448034249218e-05
pyramid,0,Q250,120.0,rmse_persistence,6.099168802986692e-05
pyramid,0,Q250,6.0,acc,0.896827232569668
pyramid,0,Q250,12.0,acc,0.7475882459145025
pyramid,0,Q250,18.0,acc,0.6249073995573973
pyramid,0,Q250,24.0,acc,0.5241353094598755
pyramid,0,Q250,30.0,acc,0.4309339535438621
pyramid,0,Q250,36.0,acc,0.3557845180113854
pyramid,0,Q250,42.0,acc,0.2975709351159361
pyramid,0,Q250,48.0,acc,0.24850178121981426
pyramid,0,Q250,54.0,acc,0.20202097569598157
pyramid,0,Q250,60.0,acc,0.16438968532014617
pyramid,0,Q250,66.0,acc,0.1350449828382838
pyramid,0,Q250,72.0,acc,0.11108332104914988
pyramid,0,Q250,78.0,acc,0.08863739790164354
pyramid,0,Q250,84.0,acc,0.07057022855264479
pyramid,0,Q250,90.0,acc,0.056901978829975074
pyramid,0,Q250,96.0,acc,0.04546842421088398
pyramid,0,Q250,102.0,acc,0.035121567501371964
pyramid,0,Q250,108.0,acc,0.027045234195486878
pyramid,0,Q250,114.0,acc,0.02042006233874798
pyramid,0,Q250,120.0,acc,0.01614697810260526
pyramid,0,Q500,6.0,rmse,0.00025920286037667804
pyramid,0,Q500,12.0,rmse,0.0004159290425581548
pyramid,0,Q500,18.0,rmse,0.0005218517289269794
pyramid,0,Q500,24.0,rmse,0.0006017996829424216
pyramid,0,Q500,30.0,rmse,0.0006712666224528034
pyramid,0,Q500,36.0,rmse,0.0007294135131394946
pyramid,0,Q500,42.0,rmse,0.0007803611854832205
pyramid,0,Q500,48.0,rmse,0.0008322085821770587
pyramid,0,Q500,54.0,rmse,0.0008928078155580758
pyramid,0,Q500,60.0,rmse,0.0009637512124876736
pyramid,0,Q500,66.0,rmse,0.0010503302302674652
pyramid,0,Q500,72.0,rmse,0.0011616671099720346
pyramid,0,Q500,78.0,rmse,0.0013086241569543096
pyramid,0,Q500,84.0,rmse,0.0015022437155315744
pyramid,0,Q500,90.0,rmse,0.0017624560730656426
pyramid,0,Q500,96.0,rmse,0.002121142047753307
pyramid,0,Q500,102.0,rmse,0.002616275383221059
pyramid,0,Q500,108.0,rmse,0.003287456160643412
pyramid,0,Q500,114.0,rmse,0.004169428094166995
pyramid,0,Q500,120.0,rmse,0.005281205703105949
pyramid,0,Q500,6.0,rmse_climatology,0.0006831534150562498
pyramid,0,Q500,12.0,rmse_climatology,0.0006830466695115641
pyramid,0,Q500,18.0,rmse_climatology,0.0006827280287992915
pyramid,0,Q500,24.0,rmse_climatology,0.0006827645634358622
pyramid,0,Q500,30.0,rmse_climatology,0.0006829591289369246
pyramid,0,Q500,36.0,rmse_climatology,0.0006830779143655346
pyramid,0,Q500,42.0,rmse_climatology,0.0006829774899694773
pyramid,0,Q500,48.0,rmse_climatology,0.0006826571860239166
pyramid,0,Q500,54.0,rmse_climatology,0.000682691598735421
pyramid,0,Q500,60.0,rmse_climatology,0.0006828771219046792
pyramid,0,Q500,66.0,rmse_climatology,0.0006829823064687919
pyramid,0,Q500,72.0,rmse_climatology,0.0006828699661071477
pyramid,0,Q500,78.0,rmse_climatology,0.0006825198970326708
pyramid,0,Q500,84.0,rmse_climatology,0.0006825740151594135
pyramid,0,Q500,90.0,rmse_climatology,0.0006827644177044798
pyramid,0,Q500,96.0,rmse_climatology,0.0006828774480533256
pyramid,0,Q500,102.0,rmse_climatology,0.0006827949940516311
pyramid,0,Q500,108.0,rmse_climatology,0.0006824462260645012
pyramid,0,Q500,114.0,rmse_climatology,0.0006825103067809391
pyramid,0,Q500,120.0,rmse_climatology,0.0006826688227663783
pyramid,0,Q500,6.0,skill,0.620578841203135
pyramid,0,Q500,12.0,skill,0.39106790044730166
pyramid,0,Q500,18.0,skill,0.23563746189715395
pyramid,0,Q500,24.0,skill,0.11858389381839429
pyramid,0,Q500,30.0,skill,0.017120360485292085
pyramid,0,Q500,36.0,skill,-0.06783354841299194
pyramid,0,Q500,42.0,skill,-0.1425869767949386
pyramid,0,Q500,48.0,skill,-0.21907247036274913
pyramid,0,Q500,54.0,skill,-0.3077761865121267
pyramid,0,Q500,60.0,skill,-0.41130985586335234
pyramid,0,Q500,66.0,skill,-0.5378586243294705
pyramid,0,Q500,72.0,skill,-0.7011541986454268
pyramid,0,Q500,78.0,skill,-0.9173421355827058
pyramid,0,Q500,84.0,skill,-1.2008510171321554
pyramid,0,Q500,90.0,skill,-1.581353139331998
pyramid,0,Q500,96.0,skill,-2.106182600992364
pyramid,0,Q500,102.0,skill,-2.831714359380941
pyramid,0,Q500,108.0,skill,-3.8171651261101696
pyramid,0,Q500,114.0,skill,-5.108959898103383
pyramid,0,Q500,120.0,skill,-6.73611673330111
pyramid,0,Q500,6.0,rmse_persistence,0.0002671062627101212
pyramid,0,Q500,12.0,rmse_persistence,0.0004300565285590172
pyramid,0,Q500,18.0,rmse_persistence,0.0005365717738250677
pyramid,0,Q500,24.0,rmse_persistence,0.0006126919015864899
pyramid,0,Q500,30.0,rmse_persistence,0.0006747232489548922
pyramid,0,Q500,36.0,rmse_persistence,0.0007208891813050831
pyramid,0,Q500,42.0,rmse_persistence,0.0007538816619024682
pyramid,0,Q500,48.0,rmse_persistence,0.000779311012483089
pyramid,0,Q500,54.0,rmse_persistence,0.0008025592329312368
pyramid,0,Q500,60.0,rmse_persistence,0.0008207428494166893
pyramid,0,Q500,66.0,rmse_persistence,0.0008335653956813164
pyramid,0,Q500,72.0,rmse_persistence,0.0008435102574007775
pyramid,0,Q500,78.0,rmse_persistence,0.0008544538564836711
pyramid,0,Q500,84.0,rmse_persistence,0.0008631982597368683
pyramid,0,Q500,90.0,rmse_persistence,0.0008691402172267167
pyramid,0,Q500,96.0,rmse_persistence,0.0008740624318818577
pyramid,0,Q500,102.0,rmse_persistence,0.0008813263062965539
pyramid,0,Q500,108.0,rmse_persistence,0.0008875144978147898
pyramid,0,Q500,114.0,rmse_persistence,0.0008922101743364912
pyramid,0,Q500,120.0,rmse_persistence,0.0008962220554006414
pyramid,0,Q500,6.0,acc,0.9264076137107371
pyramid,0,Q500,12.0,acc,0.8092590554641551
pyramid,0,Q500,18.0,acc,0.6981362947306297
pyramid,0,Q500,24.0,acc,0.5988083667582899
pyramid,0,Q500,30.0,acc,0.5067566220955837
pyramid,0,Q500,36.0,acc,0.42897057388685517
pyramid,0,Q500,42.0,acc,0.3648489884966112
pyramid,0,Q500,48.0,acc,0.3092524072079524
pyramid,0,Q500,54.0,acc,0.25920502297812564
pyramid,0,Q500,60.0,acc,0.21619437272128914
pyramid,0,Q500,66.0,acc,0.17938927534910498
pyramid,0,Q500,72.0,acc,0.14723213644996302
pyramid,0,Q500,78.0,acc,0.11914863486786746
pyramid,0,Q500,84.0,acc,0.09616054425188926
pyramid,0,Q500,90.0,acc,0.0774470319741476
pyramid,0,Q500,96.0,acc,0.061525167999719584
pyramid,0,Q500,102.0,acc,0.048246143154901645
pyramid,0,Q500,108.0,acc,0.03732609185292311
pyramid,0,Q500,114.0,acc,0.028901774374483206
pyramid,0,Q500,120.0,acc,0.022729629772714914
pyramid,0,Q850,6.0,rmse,0.0006107207760926792
pyramid,0,Q850,12.0,rmse,0.0009760702753674115
pyramid,0,Q850,18.0,rmse,0.0012324259067788797
pyramid,0,Q850,24.0,rmse,0.0014334430907259293
pyramid,0,Q850,30.0,rmse,0.001639614731141464
pyramid,0,Q850,36.0,rmse,0.0018266941268139244
pyramid,0,Q850,42.0,rmse,0.002012377141959789
pyramid,0,Q850,48.0,rmse,0.0022153982340671744
pyramid,0,Q850,54.0,rmse,0.00247513411610979
pyramid,0,Q850,60.0,rmse,0.002782652617053631
pyramid,0,Q850,66.0,rmse,0.003158914337917063
pyramid,0,Q850,72.0,rmse,0.003627249033171994
pyramid,0,Q850,78.0,rmse,0.00423026738320097
pyramid,0,Q850,84.0,rmse,0.004995343909341604
pyramid,0,Q850,90.0,rmse,0.005984231471655144
pyramid,0,Q850,96.0,rmse,0.0072897860479316165
pyramid,0,Q850,102.0,rmse,0.009050919326784387
pyramid,0,Q850,108.0,rmse,0.011428112060845128
pyramid,0,Q850,114.0,rmse,0.014622379484948074
pyramid,0,Q850,120.0,rmse,0.018815557392733308
pyramid,0,Q850,6.0,rmse_climatology,0.00144015335484439
pyramid,0,Q850,12.0,rmse_climatology,0.0014408812381669213
pyramid,0,Q850,18.0,rmse_climatology,0.0014406939546006306
pyramid,0,Q850,24.0,rmse_climatology,0.001440393985085661
pyramid,0,Q850,30.0,rmse_climatology,0.0014403996060056148
pyramid,0,Q850,36.0,rmse_climatology,0.0014403016356245746
pyramid,0,Q850,42.0,rmse_climatology,0.0014410309380099588
pyramid,0,Q850,48.0,rmse_climatology,0.0014408364218990452
pyramid,0,Q850,54.0,rmse_climatology,0.001440507765892772
pyramid,0,Q850,60.0,rmse_climatology,0.001440538116462105
pyramid,0,Q850,66.0,rmse_climatology,0.0014404241967345079
pyramid,0,Q850,72.0,rmse_climatology,0.0014410925696179005
pyramid,0,Q850,78.0,rmse_climatology,0.0014409252545756657
pyramid,0,Q850,84.0,rmse_climatology,0.0014405920263996228
pyramid,0,Q850,90.0,rmse_climatology,0.001440598356527884
pyramid,0,Q850,96.0,rmse_climatology,0.001440443160596248
pyramid,0,Q850,102.0,rmse_climatology,0.0014410555474785305
pyramid,0,Q850,108.0,rmse_climatology,0.001440854692639432
pyramid,0,Q850,114.0,rmse_climatology,0.001440437517807376
pyramid,0,Q850,120.0,rmse_climatology,0.0014403566004310244
pyramid,0,Q850,6.0,skill,0.5759335114983861
pyramid,0,Q850,12.0,skill,0.32258797636288117
pyramid,0,Q850,18.0,skill,0.1445609229890078
pyramid,0,Q850,24.0,skill,0.0048256896597066445
pyramid,0,Q850,30.0,skill,-0.13830545655888815
pyramid,0,Q850,36.0,skill,-0.2682719241805165
pyramid,0,Q850,42.0,skill,-0.3964843424797322
pyramid,0,Q850,48.0,skill,-0.5375778960024098
pyramid,0,Q850,54.0,skill,-0.7182372596067164
pyramid,0,Q850,60.0,skill,-0.9316757989630271
pyramid,0,Q850,66.0,skill,-1.1930444830616094
pyramid,0,Q850,72.0,skill,-1.5170132090360742
pyramid,0,Q850,78.0,skill,-1.9357993204489503
pyramid,0,Q850,84.0,skill,-2.4675632085970514
pyramid,0,Q850,90.0,skill,-3.153990211455107
pyramid,0,Q850,96.0,skill,-4.060793960737839
pyramid,0,Q850,102.0,skill,-5.280756729066498
pyramid,0,Q850,108.0,skill,-6.931481307050139
pyramid,0,Q850,114.0,skill,-9.151345896076187
pyramid,0,Q850,120.0,skill,-12.063124358997475
pyramid,0,Q850,6.0,rmse_persistence,0.0006089466958963016
pyramid,0,Q850,12.0,rmse_persistence,0.0009651592028270345
pyramid,0,Q850,18.0,rmse_persistence,0.0011921699912661005
pyramid,0,Q850,24.0,rmse_persistence,0.0013461022601112002
pyramid,0,Q850,30.0,rmse_persistence,0.0014901987509948849
pyramid,0,Q850,36.0,rmse_persistence,0.001590140601890257
pyramid,0,Q850,42.0,rmse_persistence,0.0016561719138506537
pyramid,0,Q850,48.0,rmse_persistence,0.0016971422869978788
pyramid,0,Q850,54.0,rmse_persistence,0.0017495537385687474
pyramid,0,Q850,60.0,rmse_persistence,0.0017850382878730167
pyramid,0,Q850,66.0,rmse_persistence,0.0018044668658256852
pyramid,0,Q850,72.0,rmse_persistence,0.0018128769457985004
pyramid,0,Q850,78.0,rmse_persistence,0.001838122116865538
pyramid,0,Q850,84.0,rmse_persistence,0.0018540377289853944
pyramid,0,Q850,90.0,rmse_persistence,0.0018604876379336543
pyramid,0,Q850,96.0,rmse_persistence,0.001860015130898766
pyramid,0,Q850,102.0,rmse_persistence,0.0018793768142266912
pyramid,0,Q850,108.0,rmse_persistence,0.001891529809451903
pyramid,0,Q850,114.0,rmse_persistence,0.0018958779507948053
pyramid,0,Q850,120.0,rmse_persistence,0.0018946784969628883
pyramid,0,Q850,6.0,acc,0.9099795945953217
pyramid,0,Q850,12.0,acc,0.7739714762333434
pyramid,0,Q850,18.0,acc,0.6475377035240063
pyramid,0,Q850,24.0,acc,0.5371041983497943
pyramid,0,Q850,30.0,acc,0.429854417209057
pyramid,0,Q850,36.0,acc,0.3436880355303969
pyramid,0,Q850,42.0,acc,0.276211764019135
pyramid,0,Q850,48.0,acc,0.22267535125595986
pyramid,0,Q850,54.0,acc,0.1752488575447855
pyramid,0,Q850,60.0,acc,0.1396812756202442
pyramid,0,Q850,66.0,acc,0.11231452548264943
pyramid,0,Q850,72.0,acc,0.09202863216474387
pyramid,0,Q850,78.0,acc,0.07521439744456827
pyramid,0,Q850,84.0,acc,0.06265304567958684
pyramid,0,Q850,90.0,acc,0.053514636209482457
pyramid,0,Q850,96.0,acc,0.048135798415297186
pyramid,0,Q850,102.0,acc,0.044151599875159715
pyramid,0,Q850,108.0,acc,0.04093116761963443
pyramid,0,Q850,114.0,acc,0.03853816101789037
pyramid,0,Q850,120.0,acc,0.03746625871181223
pyramid,0,T250,6.0,rmse,1.1219128936345528
pyramid,0,T250,12.0,rmse,1.8579042184293884
pyramid,0,T250,18.0,rmse,2.388475575965254
pyramid,0,T250,24.0,rmse,2.818750080375042
pyramid,0,T250,30.0,rmse,3.2142554369450913
pyramid,0,T250,36.0,rmse,3.5994231043873346
pyramid,0,T250,42.0,rmse,4.006373477060886
pyramid,0,T250,48.0,rmse,4.4779720329284
pyramid,0,T250,54.0,rmse,5.0519013613927415
pyramid,0,T250,60.0,rmse,5.752807760967478
pyramid,0,T250,66.0,rmse,6.618561362622656
pyramid,0,T250,72.0,rmse,7.698120568594218
pyramid,0,T250,78.0,rmse,9.054448373480865
pyramid,0,T250,84.0,rmse,10.763955495761214
pyramid,0,T250,90.0,rmse,12.938165064032146
pyramid,0,T250,96.0,rmse,15.741135015032874
pyramid,0,T250,102.0,rmse,19.38200938923731
pyramid,0,T250,108.0,rmse,24.106227442466864
pyramid,0,T250,114.0,rmse,30.16096278091431
pyramid,0,T250,120.0,rmse,37.72901295703115
pyramid,0,T250,6.0,rmse_climatology,2.778421789105085
pyramid,0,T250,12.0,rmse_climatology,2.7776059735968026
pyramid,0,T250,18.0,rmse_climatology,2.7780232004538514
pyramid,0,T250,24.0,rmse_climatology,2.7790911204338404
pyramid,0,T250,30.0,rmse_climatology,2.779323689143325
pyramid,0,T250,36.0,rmse_climatology,2.77866305353063
pyramid,0,T250,42.0,rmse_climatology,2.7777725329793657
pyramid,0,T250,48.0,rmse_climatology,2.7780739287428267
pyramid,0,T250,54.0,rmse_climatology,2.778967966075586
pyramid,0,T250,60.0,rmse_climatology,2.7790312944617406
pyramid,0,T250,66.0,rmse_climatology,2.778236154956969
pyramid,0,T250,72.0,rmse_climatology,2.777279903351175
pyramid,0,T250,78.0,rmse_climatology,2.777536634805378
pyramid,0,T250,84.0,rmse_climatology,2.778339800996408
pyramid,0,T250,90.0,rmse_climatology,2.778363726410039
pyramid,0,T250,96.0,rmse_climatology,2.7775368117306245
pyramid,0,T250,102.0,rmse_climatology,2.7765567296617717
pyramid,0,T250,108.0,rmse_climatology,2.7768414217931596
pyramid,0,T250,114.0,rmse_climatology,2.7777229273034636
pyramid,0,T250,120.0,rmse_climatology,2.777859302772127
pyramid,0,T250,6.0,skill,0.5962049757765846
pyramid,0,T250,12.0,skill,0.3311131110423361
pyramid,0,T250,18.0,skill,0.14022475565537262
pyramid,0,T250,24.0,skill,-0.01427047844872753
pyramid,0,T250,30.0,skill,-0.15648833905194626
pyramid,0,T250,36.0,skill,-0.29537948108311607
pyramid,0,T250,42.0,skill,-0.4422971749827749
pyramid,0,T250,48.0,skill,-0.6118980803922793
pyramid,0,T250,54.0,skill,-0.8179055761218277
pyramid,0,T250,60.0,skill,-1.0700766387309488
pyramid,0,T250,66.0,skill,-1.3822889752599767
pyramid,0,T250,72.0,skill,-1.7718202113173267
pyramid,0,T250,78.0,skill,-2.2598844098109656
pyramid,0,T250,84.0,skill,-2.8742401098313786
pyramid,0,T250,90.0,skill,-3.656757119684154
pyramid,0,T250,96.0,skill,-4.667300231108334
pyramid,0,T250,102.0,skill,-5.980591890012758
pyramid,0,T250,108.0,skill,-7.6811681982546
pyramid,0,T250,114.0,skill,-9.858161008230486
pyramid,0,T250,120.0,skill,-12.582046045089468
pyramid,0,T250,6.0,rmse_persistence,1.1207176545285014
pyramid,0,T250,12.0,rmse_persistence,1.843115514777053
pyramid,0,T250,18.0,rmse_persistence,2.3054862356098025
pyramid,0,T250,24.0,rmse_persistence,2.6133587599676704
pyramid,0,T250,30.0,rmse_persistence,2.8360473595898212
pyramid,0,T250,36.0,rmse_persistence,2.995861909523321
pyramid,0,T250,42.0,rmse_persistence,3.1114383198812225
pyramid,0,T250,48.0,rmse_persistence,3.2026690659305648
pyramid,0,T250,54.0,rmse_persistence,3.2838535554032857
pyramid,0,T250,60.0,rmse_persistence,3.3500505607450752
pyramid,0,T250,66.0,rmse_persistence,3.400171031557549
pyramid,0,T250,72.0,rmse_persistence,3.4393037376242024
pyramid,0,T250,78.0,rmse_persistence,3.4782262811882756
pyramid,0,T250,84.0,rmse_persistence,3.5120330014635393
pyramid,0,T250,90.0,rmse_persistence,3.5367914317085614
pyramid,0,T250,96.0,rmse_persistence,3.5574578124262612
pyramid,0,T250,102.0,rmse_persistence,3.58183419123739
pyramid,0,T250,108.0,rmse_persistence,3.60379244305544
pyramid,0,T250,114.0,rmse_persistence,3.6186811911008414
pyramid,0,T250,120.0,rmse_persistence,3.6311820299284254
pyramid,0,T250,6.0,acc,0.9176381506056993
pyramid,0,T250,12.0,acc,0.7796019544280561
pyramid,0,T250,18.0,acc,0.6490288742426128
pyramid,0,T250,24.0,acc,0.53626782006176
pyramid,0,T250,30.0,acc,0.4401394876144042
pyramid,0,T250,36.0,acc,0.3614709916621426
pyramid,0,T250,42.0,acc,0.29715076729524836
pyramid,0,T250,48.0,acc,0.242984311168696
pyramid,0,T250,54.0,acc,0.19694593808488958
pyramid,0,T250,60.0,acc,0.15915402731801584
pyramid,0,T250,66.0,acc,0.1285909504987282
pyramid,0,T250,72.0,acc,0.10427879975195928
pyramid,0,T250,78.0,acc,0.08366909707876531
pyramid,0,T250,84.0,acc,0.06540248551782667
pyramid,0,T250,90.0,acc,0.049611465038522706
pyramid,0,T250,96.0,acc,0.036521122125568226
pyramid,0,T250,102.0,acc,0.025595776140198263
pyramid,0,T250,108.0,acc,0.015971480342338182
pyramid,0,T250,114.0,acc,0.0075381530737704825
pyramid,0,T250,120.0,acc,0.0006622742294032433
pyramid,0,T2M,6.0,rmse,2.664939943757371
pyramid,0,T2M,12.0,rmse,3.788632545185479
pyramid,0,T2M,18.0,rmse,3.7293915031962155
pyramid,0,T2M,24.0,rmse,3.743330585401581
pyramid,0,T2M,30.0,rmse,5.099452753550708
pyramid,0,T2M,36.0,rmse,6.270506821217499
pyramid,0,T2M,42.0,rmse,6.984801371217085
pyramid,0,T2M,48.0,rmse,7.9488601855421175
pyramid,0,T2M,54.0,rmse,9.751468656470875
pyramid,0,T2M,60.0,rmse,11.753320719751237
pyramid,0,T2M,66.0,rmse,13.862512935490635
pyramid,0,T2M,72.0,rmse,16.493027408501817
pyramid,0,T2M,78.0,rmse,19.991707844019675
pyramid,0,T2M,84.0,rmse,24.2189437435915
pyramid,0,T2M,90.0,rmse,29.36109162485291
pyramid,0,T2M,96.0,rmse,35.93817608469481
pyramid,0,T2M,102.0,rmse,44.55520272539198
pyramid,0,T2M,108.0,rmse,55.783969667417814
pyramid,0,T2M,114.0,rmse,70.48103681600504
pyramid,0,T2M,120.0,rmse,89.52071512544947
pyramid,0,T2M,6.0,rmse_climatology,2.3187562213116486
pyramid,0,T2M,12.0,rmse_climatology,2.3188641749845447
pyramid,0,T2M,18.0,rmse_climatology,2.3186642922315097
pyramid,0,T2M,24.0,rmse_climatology,2.31959544636485
pyramid,0,T2M,30.0,rmse_climatology,2.3187428547168345
pyramid,0,T2M,36.0,rmse_climatology,2.318247720358349
pyramid,0,T2M,42.0,rmse_climatology,2.318292194308238
pyramid,0,T2M,48.0,rmse_climatology,2.318040409262047
pyramid,0,T2M,54.0,rmse_climatology,2.319023310152964
pyramid,0,T2M,60.0,rmse_climatology,2.3181938726335742
pyramid,0,T2M,66.0,rmse_climatology,2.3177015409760027
pyramid,0,T2M,72.0,rmse_climatology,2.3177517310738516
pyramid,0,T2M,78.0,rmse_climatology,2.317463883827347
pyramid,0,T2M,84.0,rmse_climatology,2.3182040982316217
pyramid,0,T2M,90.0,rmse_climatology,2.3174354069600067
pyramid,0,T2M,96.0,rmse_climatology,2.3168482544609836
pyramid,0,T2M,102.0,rmse_climatology,2.316775597129555
pyramid,0,T2M,108.0,rmse_climatology,2.3162802536402363
pyramid,0,T2M,114.0,rmse_climatology,2.3170671565704324
pyramid,0,T2M,120.0,rmse_climatology,2.3162444606672374
pyramid,0,T2M,6.0,skill,-0.14929716166967166
pyramid,0,T2M,12.0,skill,-0.633831160124215
pyramid,0,T2M,18.0,skill,-0.6084223644152493
pyramid,0,T2M,24.0,skill,-0.6137859691300631
pyramid,0,T2M,30.0,skill,-1.1992316841763184
pyramid,0,T2M,36.0,skill,-1.7048476166508295
pyramid,0,T2M,42.0,skill,-2.0129081176073664
pyramid,0,T2M,48.0,skill,-2.4291292566692806
pyramid,0,T2M,54.0,skill,-3.2049894944038595
pyramid,0,T2M,60.0,skill,-4.070033554354506
pyramid,0,T2M,66.0,skill,-4.981146705219439
pyramid,0,T2M,72.0,skill,-6.115959482364547
pyramid,0,T2M,78.0,skill,-7.626545588707469
pyramid,0,T2M,84.0,skill,-9.447287088339744
pyramid,0,T2M,90.0,skill,-11.66964832619372
pyramid,0,T2M,96.0,skill,-14.511665908847299
pyramid,0,T2M,102.0,skill,-18.23155733364729
pyramid,0,T2M,108.0,skill,-23.08342841059429
pyramid,0,T2M,114.0,skill,-29.418210631549563
pyramid,0,T2M,120.0,skill,-37.64907899214634
pyramid,0,T2M,6.0,rmse_persistence,2.5178978547729107
pyramid,0,T2M,12.0,rmse_persistence,3.4582900046497094
pyramid,0,T2M,18.0,rmse_persistence,2.8257868171848677
pyramid,0,T2M,24.0,rmse_persistence,1.7222950692011054
pyramid,0,T2M,30.0,rmse_persistence,3.088184267704984
pyramid,0,T2M,36.0,rmse_persistence,3.8589154923358957
pyramid,0,T2M,42.0,rmse_persistence,3.2744778437629187
pyramid,0,T2M,48.0,rmse_persistence,2.3213098722938175
pyramid,0,T2M,54.0,rmse_persistence,3.3996563183656403
pyramid,0,T2M,60.0,rmse_persistence,4.070958556807399
pyramid,0,T2M,66.0,rmse_persistence,3.4909628891281392
pyramid,0,T2M,72.0,rmse_persistence,2.5868503809021246
pyramid,0,T2M,78.0,rmse_persistence,3.555532821089099
pyramid,0,T2M,84.0,rmse_persistence,4.185856503901089
pyramid,0,T2M,90.0,rmse_persistence,3.6145114809130496
pyramid,0,T2M,96.0,rmse_persistence,2.7404066729442076
pyramid,0,T2M,102.0,rmse_persistence,3.6596598977031896
pyramid,0,T2M,108.0,rmse_persistence,4.265589058811928
pyramid,0,T2M,114.0,rmse_persistence,3.7024791051465136
pyramid,0,T2M,120.0,rmse_persistence,2.8514896524253817
pyramid,0,T2M,6.0,acc,0.6247780457928606
pyramid,0,T2M,12.0,acc,0.45727119461283977
pyramid,0,T2M,18.0,acc,0.444400480795881
pyramid,0,T2M,24.0,acc,0.42061161896847754
pyramid,0,T2M,30.0,acc,0.28715484088823245
pyramid,0,T2M,36.0,acc,0.21225604373429285
pyramid,0,T2M,42.0,acc,0.17868179802535802
pyramid,0,T2M,48.0,acc,0.14718757500240406
pyramid,0,T2M,54.0,acc,0.1066969951226867
pyramid,0,T2M,60.0,acc,0.07922672017931347
pyramid,0,T2M,66.0,acc,0.0625979340056849
pyramid,0,T2M,72.0,acc,0.04838432066444871
pyramid,0,T2M,78.0,acc,0.03461670502331784
pyramid,0,T2M,84.0,acc,0.023989060478832248
pyramid,0,T2M,90.0,acc,0.016951271622861513
pyramid,0,T2M,96.0,acc,0.012488038123203989
pyramid,0,T2M,102.0,acc,0.009826758673245383
pyramid,0,T2M,108.0,acc,0.009359400205241708
pyramid,0,T2M,114.0,acc,0.012153546809998497
pyramid,0,T2M,120.0,acc,0.01713449127679977
pyramid,0,T500,6.0,rmse,1.1406150312779089
pyramid,0,T500,12.0,rmse,1.9659810461314011
pyramid,0,T500,18.0,rmse,2.6298594071688512
pyramid,0,T500,24.0,rmse,3.2229018282964073
pyramid,0,T500,30.0,rmse,3.8043507706405726
pyramid,0,T500,36.0,rmse,4.39334106076888
pyramid,0,T500,42.0,rmse,5.022793518662521
pyramid,0,T500,48.0,rmse,5.743552719307012
pyramid,0,T500,54.0,rmse,6.6077489469054855
pyramid,0,T500,60.0,rmse,7.660639690870125
pyramid,0,T500,66.0,rmse,8.955751735861595
pyramid,0,T500,72.0,rmse,10.579257352115595
pyramid,0,T500,78.0,rmse,12.652672335950637
pyramid,0,T500,84.0,rmse,15.340509494029936
pyramid,0,T500,90.0,rmse,18.882646129615242
pyramid,0,T500,96.0,rmse,23.61919101981904
pyramid,0,T500,102.0,rmse,29.963730152527997
pyramid,0,T500,108.0,rmse,38.39887058330317
pyramid,0,T500,114.0,rmse,49.40947787814516
pyramid,0,T500,120.0,rmse,63.31530688125163
pyramid,0,T500,6.0,rmse_climatology,2.9774569685049244
pyramid,0,T500,12.0,rmse_climatology,2.9773762344689354
pyramid,0,T500,18.0,rmse_climatology,2.9772473844157563
pyramid,0,T500,24.0,rmse_climatology,2.9768731746148207
pyramid,0,T500,30.0,rmse_climatology,2.9770415911497445
pyramid,0,T500,36.0,rmse_climatology,2.976868243856841
pyramid,0,T500,42.0,rmse_climatology,2.976910373610372
pyramid,0,T500,48.0,rmse_climatology,2.9769093788793595
pyramid,0,T500,54.0,rmse_climatology,2.9765553232498516
pyramid,0,T500,60.0,rmse_climatology,2.976715607332143
pyramid,0,T500,66.0,rmse_climatology,2.976545555378126
pyramid,0,T500,72.0,rmse_climatology,2.9765589395473517
pyramid,0,T500,78.0,rmse_climatology,2.9765344787700996
pyramid,0,T500,84.0,rmse_climatology,2.9761800658684057
pyramid,0,T500,90.0,rmse_climatology,2.9762490601126785
pyramid,0,T500,96.0,rmse_climatology,2.9760322203327525
pyramid,0,T500,102.0,rmse_climatology,2.975945147610718
pyramid,0,T500,108.0,rmse_climatology,2.975880779885433
pyramid,0,T500,114.0,rmse_climatology,2.975525140921039
pyramid,0,T500,120.0,rmse_climatology,2.975605991752837
pyramid,0,T500,6.0,skill,0.6169163674427014
pyramid,0,T500,12.0,skill,0.3396934443919659
pyramid,0,T500,18.0,skill,0.11668092448927458
pyramid,0,T500,24.0,skill,-0.08264666959264066
pyramid,0,T500,30.0,skill,-0.2778964129860604
pyramid,0,T500,36.0,skill,-0.47582650654261127
pyramid,0,T500,42.0,skill,-0.687250500783777
pyramid,0,T500,48.0,skill,-0.9293676724110225
pyramid,0,T500,54.0,skill,-1.2199315078380728
pyramid,0,T500,60.0,skill,-1.5735208536551837
pyramid,0,T500,66.0,skill,-2.0087736166779075
pyramid,0,T500,72.0,skill,-2.55419044842579
pyramid,0,T500,78.0,skill,-3.2508065759677365
pyramid,0,T500,84.0,skill,-4.154429219508195
pyramid,0,T500,90.0,skill,-5.344444214255496
pyramid,0,T500,96.0,skill,-6.936470196272996
pyramid,0,T500,102.0,skill,-9.068643293571732
pyramid,0,T500,108.0,skill,-11.903363213623587
pyramid,0,T500,114.0,skill,-15.605296725152535
pyramid,0,T500,120.0,skill,-20.278121853745343
pyramid,0,T500,6.0,rmse_persistence,1.0556942613886906
pyramid,0,T500,12.0,rmse_persistence,1.7945229307440582
pyramid,0,T500,18.0,rmse_persistence,2.3115162563134337
pyramid,0,T500,24.0,rmse_persistence,2.6888587302303337
pyramid,0,T500,30.0,rmse_persistence,2.9832223588486677
pyramid,0,T500,36.0,rmse_persistence,3.198337437902712
pyramid,0,T500,42.0,rmse_persistence,3.346857957363509
pyramid,0,T500,48.0,rmse_persistence,3.4581321206947053
pyramid,0,T500,54.0,rmse_persistence,3.5578466426103286
pyramid,0,T500,60.0,rmse_persistence,3.638811584581928
pyramid,0,T500,66.0,rmse_persistence,3.6933063322405215
pyramid,0,T500,72.0,rmse_persistence,3.7369072605840667
pyramid,0,T500,78.0,rmse_persistence,3.786583183140071
pyramid,0,T500,84.0,rmse_persistence,3.830031635974811
pyramid,0,T500,90.0,rmse_persistence,3.858082304757006
pyramid,0,T500,96.0,rmse_persistence,3.880449174626353
pyramid,0,T500,102.0,rmse_persistence,3.91296469693894
pyramid,0,T500,108.0,rmse_persistence,3.9420933423682443
pyramid,0,T500,114.0,rmse_persistence,3.9576014376555406
pyramid,0,T500,120.0,rmse_persistence,3.9695343218606145
pyramid,0,T500,6.0,acc,0.9270245267076158
pyramid,0,T500,12.0,acc,0.7933144847797216
pyramid,0,T500,18.0,acc,0.6532397106123665
pyramid,0,T500,24.0,acc,0.5228832634083944
pyramid,0,T500,30.0,acc,0.4091578463360364
pyramid,0,T500,36.0,acc,0.3184789984429809
pyramid,0,T500,42.0,acc,0.24833562779242513
pyramid,0,T500,48.0,acc,0.19364379555623334
pyramid,0,T500,54.0,acc,0.15109864026318146
pyramid,0,T500,60.0,acc,0.1181301336142819
pyramid,0,T500,66.0,acc,0.09355693414485877
pyramid,0,T500,72.0,acc,0.07546223988721204
pyramid,0,T500,78.0,acc,0.06223347457009608
pyramid,0,T500,84.0,acc,0.052448336991464506
pyramid,0,T500,90.0,acc,0.045794916936637495
pyramid,0,T500,96.0,acc,0.04098862088048897
pyramid,0,T500,102.0,acc,0.03745192043465347
pyramid,0,T500,108.0,acc,0.034390378631356876
pyramid,0,T500,114.0,acc,0.03100506366419015
pyramid,0,T500,120.0,acc,0.027574449338972865
pyramid,0,T850,6.0,rmse,1.3487088186096827
pyramid,0,T850,12.0,rmse,2.24306495199129
pyramid,0,T850,18.0,rmse,2.9167276317326953
pyramid,0,T850,24.0,rmse,3.563649965696154
pyramid,0,T850,30.0,rmse,4.334883181923359
pyramid,0,T850,36.0,rmse,5.144495340097285
pyramid,0,T850,42.0,rmse,6.012564517158182
pyramid,0,T850,48.0,rmse,7.0343959238248885
pyramid,0,T850,54.0,rmse,8.318322009423396
pyramid,0,T850,60.0,rmse,9.85841812004496
pyramid,0,T850,66.0,rmse,11.705059539289774
pyramid,0,T850,72.0,rmse,13.956528219144808
pyramid,0,T850,78.0,rmse,16.749723366757575
pyramid,0,T850,84.0,rmse,20.223715308666876
pyramid,0,T850,90.0,rmse,24.63510814700826
pyramid,0,T850,96.0,rmse,30.366194125378872
pyramid,0,T850,102.0,rmse,37.8846056225557
pyramid,0,T850,108.0,rmse,47.65154979713116
pyramid,0,T850,114.0,rmse,60.07015179774158
pyramid,0,T850,120.0,rmse,75.37130896303549
pyramid,0,T850,6.0,rmse_climatology,3.1727879842870372
pyramid,0,T850,12.0,rmse_climatology,3.173635560227249
pyramid,0,T850,18.0,rmse_climatology,3.1737194056574842
pyramid,0,T850,24.0,rmse_climatology,3.17374449429147
pyramid,0,T850,30.0,rmse_climatology,3.1733992546429257
pyramid,0,T850,36.0,rmse_climatology,3.1733996887573768
pyramid,0,T850,42.0,rmse_climatology,3.17420085573652
pyramid,0,T850,48.0,rmse_climatology,3.174254666131736
pyramid,0,T850,54.0,rmse_climatology,3.174098465919527
pyramid,0,T850,60.0,rmse_climatology,3.1737390926272555
pyramid,0,T850,66.0,rmse_climatology,3.1737688898780054
pyramid,0,T850,72.0,rmse_climatology,3.1745958493826794
pyramid,0,T850,78.0,rmse_climatology,3.174602589007498
pyramid,0,T850,84.0,rmse_climatology,3.1744372235198175
pyramid,0,T850,90.0,rmse_climatology,3.174081895233391
pyramid,0,T850,96.0,rmse_climatology,3.1740715698885222
pyramid,0,T850,102.0,rmse_climatology,3.1747521455063756
pyramid,0,T850,108.0,rmse_climatology,3.174671310327006
pyramid,0,T850,114.0,rmse_climatology,3.1744180862096907
pyramid,0,T850,120.0,rmse_climatology,3.1739120004037895
pyramid,0,T850,6.0,skill,0.5749136641688481
pyramid,0,T850,12.0,skill,0.29321911434888415
pyramid,0,T850,18.0,skill,0.08097495117768583
pyramid,0,T850,24.0,skill,-0.12285345342260423
pyramid,0,T850,30.0,skill,-0.3660062393917478
pyramid,0,T850,36.0,skill,-0.6211305995658363
pyramid,0,T850,42.0,skill,-0.8941978754407043
pyramid,0,T850,48.0,skill,-1.216077997420813
pyramid,0,T850,54.0,skill,-1.6206880784379205
pyramid,0,T850,60.0,skill,-2.1062471842586326
pyramid,0,T850,66.0,skill,-2.6880629766774535
pyramid,0,T850,72.0,skill,-3.396316533286826
pyramid,0,T850,78.0,skill,-4.276163833783736
pyramid,0,T850,84.0,skill,-5.370803353371345
pyramid,0,T850,90.0,skill,-6.761333500563896
pyramid,0,T850,96.0,skill,-8.566953188281566
pyramid,0,T850,102.0,skill,-10.933090800860953
pyramid,0,T850,108.0,skill,-14.009916031975868
pyramid,0,T850,114.0,skill,-17.923201092728892
pyramid,0,T850,120.0,skill,-22.747132546033615
pyramid,0,T850,6.0,rmse_persistence,1.1854368463623612
pyramid,0,T850,12.0,rmse_persistence,1.9224688439016473
pyramid,0,T850,18.0,rmse_persistence,2.361336967114307
pyramid,0,T850,24.0,rmse_persistence,2.685710920443331
pyramid,0,T850,30.0,rmse_persistence,3.0688071278720765
pyramid,0,T850,36.0,rmse_persistence,3.349891928624069
pyramid,0,T850,42.0,rmse_persistence,3.4852407619233823
pyramid,0,T850,48.0,rmse_persistence,3.5695673179598257
pyramid,0,T850,54.0,rmse_persistence,3.7360108112553494
pyramid,0,T850,60.0,rmse_persistence,3.8639305261467123
pyramid,0,T850,66.0,rmse_persistence,3.898770710640536
pyramid,0,T850,72.0,rmse_persistence,3.9097562843140117
pyramid,0,T850,78.0,rmse_persistence,4.011615963781664
pyramid,0,T850,84.0,rmse_persistence,4.092193655077385
pyramid,0,T850,90.0,rmse_persistence,4.095654238455235
pyramid,0,T850,96.0,rmse_persistence,4.083013486244382
pyramid,0,T850,102.0,rmse_persistence,4.163197205564014
pyramid,0,T850,108.0,rmse_persistence,4.226885899332395
pyramid,0,T850,114.0,rmse_persistence,4.218257171568338
pyramid,0,T850,120.0,rmse_persistence,4.195250730021751
pyramid,0,T850,6.0,acc,0.9130049538268935
pyramid,0,T850,12.0,acc,0.7796227536243523
pyramid,0,T850,18.0,acc,0.6557517206126022
pyramid,0,T850,24.0,acc,0.5358661987969081
pyramid,0,T850,30.0,acc,0.41569615945996186
pyramid,0,T850,36.0,acc,0.3182597225943155
pyramid,0,T850,42.0,acc,0.24348838675990606
pyramid,0,T850,48.0,acc,0.18471698408548423
pyramid,0,T850,54.0,acc,0.13682135405530127
pyramid,0,T850,60.0,acc,0.10002854267877456
pyramid,0,T850,66.0,acc,0.07237656769046638
pyramid,0,T850,72.0,acc,0.05115558431550218
pyramid,0,T850,78.0,acc,0.03517660991360068
pyramid,0,T850,84.0,acc,0.023463980376055522
pyramid,0,T850,90.0,acc,0.01413466117849449
pyramid,0,T850,96.0,acc,0.007584033487568468
pyramid,0,T850,102.0,acc,0.0036794506966125024
pyramid,0,T850,108.0,acc,0.001795646622515128
pyramid,0,T850,114.0,acc,0.0010694933249930942
pyramid,0,T850,120.0,acc,0.0012275174616675395
pyramid,0,TP6h,6.0,rmse,0.0007968659895033633
pyramid,0,TP6h,12.0,rmse,0.0010748480878213457
pyramid,0,TP6h,18.0,rmse,0.0011850751750311262
pyramid,0,TP6h,24.0,rmse,0.0012478584658484827
pyramid,0,TP6h,30.0,rmse,0.0013244339079200571
pyramid,0,TP6h,36.0,rmse,0.0013766923151390042
pyramid,0,TP6h,42.0,rmse,0.0014136228154082017
pyramid,0,TP6h,48.0,rmse,0.0014523831821584082
pyramid,0,TP6h,54.0,rmse,0.001523581162657743
pyramid,0,TP6h,60.0,rmse,0.0016092328139298072
pyramid,0,TP6h,66.0,rmse,0.001714001126148364
pyramid,0,TP6h,72.0,rmse,0.0018591170471336947
pyramid,0,TP6h,78.0,rmse,0.002072489056437783
pyramid,0,TP6h,84.0,rmse,0.0023604620027807516
pyramid,0,TP6h,90.0,rmse,0.0027537287389914453
pyramid,0,TP6h,96.0,rmse,0.0033009787757296272
pyramid,0,TP6h,102.0,rmse,0.004062956770330493
pyramid,0,TP6h,108.0,rmse,0.005090015367850931
pyramid,0,TP6h,114.0,rmse,0.006430046063958477
pyramid,0,TP6h,120.0,rmse,0.008109477590418137
pyramid,0,TP6h,6.0,rmse_climatology,0.0012468510164935836
pyramid,0,TP6h,12.0,rmse_climatology,0.0012462720783010014
pyramid,0,TP6h,18.0,rmse_climatology,0.0012448325974667152
pyramid,0,TP6h,24.0,rmse_climatology,0.0012439052661557001
pyramid,0,TP6h,30.0,rmse_climatology,0.0012452577597789924
pyramid,0,TP6h,36.0,rmse_climatology,0.0012462580517746283
pyramid,0,TP6h,42.0,rmse_climatology,0.0012458977785592574
pyramid,0,TP6h,48.0,rmse_climatology,0.0012447381500959407
pyramid,0,TP6h,54.0,rmse_climatology,0.0012437837867554466
pyramid,0,TP6h,60.0,rmse_climatology,0.0012449705667895525
pyramid,0,TP6h,66.0,rmse_climatology,0.0012456278148410495
pyramid,0,TP6h,72.0,rmse_climatology,0.0012453573771157875
pyramid,0,TP6h,78.0,rmse_climatology,0.0012445419091904981
pyramid,0,TP6h,84.0,rmse_climatology,0.0012437041138461179
pyramid,0,TP6h,90.0,rmse_climatology,0.0012447089532462224
pyramid,0,TP6h,96.0,rmse_climatology,0.0012451216330776605
pyramid,0,TP6h,102.0,rmse_climatology,0.001244749814243072
pyramid,0,TP6h,108.0,rmse_climatology,0.0012442327734347603
pyramid,0,TP6h,114.0,rmse_climatology,0.0012434755951551651
pyramid,0,TP6h,120.0,rmse_climatology,0.0012445971801678113
pyramid,0,TP6h,6.0,skill,0.3608971890287872
pyramid,0,TP6h,12.0,skill,0.13754941113127717
pyramid,0,TP6h,18.0,skill,0.04800438433022869
pyramid,0,TP6h,24.0,skill,-0.00317805527506132
pyramid,0,TP6h,30.0,skill,-0.06358213592270001
pyramid,0,TP6h,36.0,skill,-0.104660718683937
pyramid,0,TP6h,42.0,skill,-0.13462182831957503
pyramid,0,TP6h,48.0,skill,-0.16681824369765064
pyramid,0,TP6h,54.0,skill,-0.2249566032953203
pyramid,0,TP6h,60.0,skill,-0.29258703527392615
pyramid,0,TP6h,66.0,skill,-0.3760138507882327
pyramid,0,TP6h,72.0,skill,-0.49283818548484226
pyramid,0,TP6h,78.0,skill,-0.6652625686071241
pyramid,0,TP6h,84.0,skill,-0.8979289177400027
pyramid,0,TP6h,90.0,skill,-1.2123474984330058
pyramid,0,TP6h,96.0,skill,-1.65112956681216
pyramid,0,TP6h,102.0,skill,-2.264075016392883
pyramid,0,TP6h,108.0,skill,-3.0908867508767797
pyramid,0,TP6h,114.0,skill,-4.17102715084337
pyramid,0,TP6h,120.0,skill,-5.515744788466193
pyramid,0,TP6h,6.0,rmse_persistence,0.0009048634355718874
pyramid,0,TP6h,12.0,rmse_persistence,0.0012926352715344248
pyramid,0,TP6h,18.0,rmse_persistence,0.0014442153527561394
pyramid,0,TP6h,24.0,rmse_persistence,0.0015171698342423068
pyramid,0,TP6h,30.0,rmse_persistence,0.0016015273800824973
pyramid,0,TP6h,36.0,rmse_persistence,0.0016510004098460396
pyramid,0,TP6h,42.0,rmse_persistence,0.001667014411815868
pyramid,0,TP6h,48.0,rmse_persistence,0.0016670522252070278
pyramid,0,TP6h,54.0,rmse_persistence,0.0017013054523096812
pyramid,0,TP6h,60.0,rmse_persistence,0.001720633463080261
pyramid,0,TP6h,66.0,rmse_persistence,0.0017159730819481663
pyramid,0,TP6h,72.0,rmse_persistence,0.0017011681152532246
pyramid,0,TP6h,78.0,rmse_persistence,0.0017233678370622981
pyramid,0,TP6h,84.0,rmse_persistence,0.0017355280937243545
pyramid,0,TP6h,90.0,rmse_persistence,0.0017271210950235082
pyramid,0,TP6h,96.0,rmse_persistence,0.0017114746726072686
pyramid,0,TP6h,102.0,rmse_persistence,0.001732170787457305
pyramid,0,TP6h,108.0,rmse_persistence,0.001745133498674567
pyramid,0,TP6h,114.0,rmse_persistence,0.0017369465529256584
pyramid,0,TP6h,120.0,rmse_persistence,0.0017249578050447009
pyramid,0,TP6h,6.0,acc,0.7748330457958668
pyramid,0,TP6h,12.0,acc,0.5633833725194767
pyramid,0,TP6h,18.0,acc,0.43788652918835114
pyramid,0,TP6h,24.0,acc,0.34645099068251484
pyramid,0,TP6h,30.0,acc,0.25674507580698447
pyramid,0,TP6h,36.0,acc,0.19685047717579493
pyramid,0,TP6h,42.0,acc,0.15446634792476502
pyramid,0,TP6h,48.0,acc,0.12243099323071528
pyramid,0,TP6h,54.0,acc,0.09120327556489786
pyramid,0,TP6h,60.0,acc,0.06937897750243527
pyramid,0,TP6h,66.0,acc,0.05550662272427146
pyramid,0,TP6h,72.0,acc,0.04432926786276031
pyramid,0,TP6h,78.0,acc,0.03420189233343794
pyramid,0,TP6h,84.0,acc,0.025912430405448657
pyramid,0,TP6h,90.0,acc,0.020552186536666624
pyramid,0,TP6h,96.0,acc,0.016578468656828712
pyramid,0,TP6h,102.0,acc,0.01269571988160978
pyramid,0,TP6h,108.0,acc,0.010010285075658952
pyramid,0,TP6h,114.0,acc,0.008194345899993207
pyramid,0,TP6h,120.0,acc,0.006214885036355035
pyramid,0,U250,6.0,rmse,3.5377915025293567
pyramid,0,U250,12.0,rmse,5.865023697488914
pyramid,0,U250,18.0,rmse,7.64227359874578
pyramid,0,U250,24.0,rmse,9.050536432780675
pyramid,0,U250,30.0,rmse,10.279905917088925
pyramid,0,U250,36.0,rmse,11.358488557168007
pyramid,0,U250,42.0,rmse,12.394708553978566
pyramid,0,U250,48.0,rmse,13.469706816851156
pyramid,0,U250,54.0,rmse,14.688443139295698
pyramid,0,U250,60.0,rmse,16.0991240997262
pyramid,0,U250,66.0,rmse,17.809548336959597
pyramid,0,U250,72.0,rmse,19.922776008197165
pyramid,0,U250,78.0,rmse,22.599384483894777
pyramid,0,U250,84.0,rmse,25.983735619678026
pyramid,0,U250,90.0,rmse,30.343729075024974
pyramid,0,U250,96.0,rmse,36.075117645317334
pyramid,0,U250,102.0,rmse,43.7219927330097
pyramid,0,U250,108.0,rmse,53.925812440631134
pyramid,0,U250,114.0,rmse,67.33888798400183
pyramid,0,U250,120.0,rmse,84.45574893572494
pyramid,0,U250,6.0,rmse_climatology,11.480551630619233
pyramid,0,U250,12.0,rmse_climatology,11.475688094528689
pyramid,0,U250,18.0,rmse_climatology,11.47646713528868
pyramid,0,U250,24.0,rmse_climatology,11.477035393880449
pyramid,0,U250,30.0,rmse_climatology,11.478049784443566
pyramid,0,U250,36.0,rmse_climatology,11.476443327342261
pyramid,0,U250,42.0,rmse_climatology,11.471763800931434
pyramid,0,U250,48.0,rmse_climatology,11.472390594653568
pyramid,0,U250,54.0,rmse_climatology,11.472896697082222
pyramid,0,U250,60.0,rmse_climatology,11.473852968294834
pyramid,0,U250,66.0,rmse_climatology,11.472336823034913
pyramid,0,U250,72.0,rmse_climatology,11.468140867278645
pyramid,0,U250,78.0,rmse_climatology,11.46872872296002
pyramid,0,U250,84.0,rmse_climatology,11.469193988909133
pyramid,0,U250,90.0,rmse_climatology,11.47067207272171
pyramid,0,U250,96.0,rmse_climatology,11.469435468610504
pyramid,0,U250,102.0,rmse_climatology,11.46592880669042
pyramid,0,U250,108.0,rmse_climatology,11.466823687389194
pyramid,0,U250,114.0,rmse_climatology,11.467544164084895
pyramid,0,U250,120.0,rmse_climatology,11.469130018927665
pyramid,0,U250,6.0,skill,0.6918448157931818
pyramid,0,U250,12.0,skill,0.4889174706408058
pyramid,0,U250,18.0,skill,0.33409179770604147
pyramid,0,U250,24.0,skill,0.21142210316730248
pyramid,0,U250,30.0,skill,0.10438566567105412
pyramid,0,U250,36.0,skill,0.010277990036619666
pyramid,0,U250,42.0,skill,-0.08045360496109533
pyramid,0,U250,48.0,skill,-0.17409764823805673
pyramid,0,U250,54.0,skill,-0.28027328469114976
pyramid,0,U250,60.0,skill,-0.4031140318960129
pyramid,0,U250,66.0,skill,-0.552390642959542
pyramid,0,U250,72.0,skill,-0.7372280510646341
pyramid,0,U250,78.0,skill,-0.970522193854978
pyramid,0,U250,84.0,skill,-1.265524120073708
pyramid,0,U250,90.0,skill,-1.6453314054008303
pyramid,0,U250,96.0,skill,-2.1453263540343848
pyramid,0,U250,102.0,skill,-2.8132098559252983
pyramid,0,U250,108.0,skill,-3.702768082144389
pyramid,0,U250,114.0,skill,-4.872128070358771
pyramid,0,U250,120.0,skill,-6.3637450091111045
pyramid,0,U250,6.0,rmse_persistence,3.881921772820553
pyramid,0,U250,12.0,rmse_persistence,6.5041897861833196
pyramid,0,U250,18.0,rmse_persistence,8.400919535300467
pyramid,0,U250,24.0,rmse_persistence,9.77632466164654
pyramid,0,U250,30.0,rmse_persistence,10.842622330052693
pyramid,0,U250,36.0,rmse_persistence,11.632541814686435
pyramid,0,U250,42.0,rmse_persistence,12.239355760279475
pyramid,0,U250,48.0,rmse_persistence,12.71584407969059
pyramid,0,U250,54.0,rmse_persistence,13.125057846136578
pyramid,0,U250,60.0,rmse_persistence,13.452904474428964
pyramid,0,U250,66.0,rmse_persistence,13.724809311960465
pyramid,0,U250,72.0,rmse_persistence,13.9420939066971
pyramid,0,U250,78.0,rmse_persistence,14.155770454737333
pyramid,0,U250,84.0,rmse_persistence,14.337519527684671
pyramid,0,U250,90.0,rmse_persistence,14.498269701568965
pyramid,0,U250,96.0,rmse_persistence,14.630096097380875
pyramid,0,U250,102.0,rmse_persistence,14.763130544472855
pyramid,0,U250,108.0,rmse_persistence,14.875611838489906
pyramid,0,U250,114.0,rmse_persistence,14.978441051518779
pyramid,0,U250,120.0,rmse_persistence,15.06290112038555
pyramid,0,U250,6.0,acc,0.951826646940142
pyramid,0,U250,12.0,acc,0.866897797869732
pyramid,0,U250,18.0,acc,0.773713733939914
pyramid,0,U250,24.0,acc,0.683168150698085
pyramid,0,U250,30.0,acc,0.5953676536477966
pyramid,0,U250,36.0,acc,0.5153699101884812
pyramid,0,U250,42.0,acc,0.4419114634780562
pyramid,0,U250,48.0,acc,0.37439571355611073
pyramid,0,U250,54.0,acc,0.3117497696600971
pyramid,0,U250,60.0,acc,0.25624038451581826
pyramid,0,U250,66.0,acc,0.20776044054812554
pyramid,0,U250,72.0,acc,0.16636218668664574
pyramid,0,U250,78.0,acc,0.13079974732140012
pyramid,0,U250,84.0,acc,0.10160118232409394
pyramid,0,U250,90.0,acc,0.07808777586972024
pyramid,0,U250,96.0,acc,0.05948078556120171
pyramid,0,U250,102.0,acc,0.04525320108331847
pyramid,0,U250,108.0,acc,0.03405927262912067
pyramid,0,U250,114.0,acc,0.02572996367233127
pyramid,0,U250,120.0,acc,0.01965411486652886
pyramid,0,U500,6.0,rmse,2.3668228225623955
pyramid,0,U500,12.0,rmse,3.8534769359071324
pyramid,0,U500,18.0,rmse,4.993436392596323
pyramid,0,U500,24.0,rmse,5.883523894416424
pyramid,0,U500,30.0,rmse,6.684078642611286
pyramid,0,U500,36.0,rmse,7.380880107753002
pyramid,0,U500,42.0,rmse,8.066193474409289
pyramid,0,U500,48.0,rmse,8.760459026548899
pyramid,0,U500,54.0,rmse,9.56667739503354
pyramid,0,U500,60.0,rmse,10.496121032101016
pyramid,0,U500,66.0,rmse,11.633703393223042
pyramid,0,U500,72.0,rmse,13.031319402690508
pyramid,0,U500,78.0,rmse,14.805173095631753
pyramid,0,U500,84.0,rmse,17.03378366826105
pyramid,0,U500,90.0,rmse,19.884468424909674
pyramid,0,U500,96.0,rmse,23.588694521459708
pyramid,0,U500,102.0,rmse,28.490802036393315
pyramid,0,U500,108.0,rmse,34.97405703549555
pyramid,0,U500,114.0,rmse,43.49073118405908
pyramid,0,U500,120.0,rmse,54.465557901507644
pyramid,0,U500,6.0,rmse_climatology,7.573119898692702
pyramid,0,U500,12.0,rmse_climatology,7.574040263916059
pyramid,0,U500,18.0,rmse_climatology,7.571273214786836
pyramid,0,U500,24.0,rmse_climatology,7.571392110830472
pyramid,0,U500,30.0,rmse_climatology,7.57110453536642
pyramid,0,U500,36.0,rmse_climatology,7.57101286783573
pyramid,0,U500,42.0,rmse_climatology,7.571935957132568
pyramid,0,U500,48.0,rmse_climatology,7.5692026171007685
pyramid,0,U500,54.0,rmse_climatology,7.569067205477484
pyramid,0,U500,60.0,rmse_climatology,7.568876423916957
pyramid,0,U500,66.0,rmse_climatology,7.568705938884408
pyramid,0,U500,72.0,rmse_climatology,7.569629199366253
pyramid,0,U500,78.0,rmse_climatology,7.566853913843884
pyramid,0,U500,84.0,rmse_climatology,7.566897721014303
pyramid,0,U500,90.0,rmse_climatology,7.566844493396155
pyramid,0,U500,96.0,rmse_climatology,7.567160529400152
pyramid,0,U500,102.0,rmse_climatology,7.568205792059026
pyramid,0,U500,108.0,rmse_climatology,7.565510285519708
pyramid,0,U500,114.0,rmse_climatology,7.565696808215112
pyramid,0,U500,120.0,rmse_climatology,7.565956244402382
pyramid,0,U500,6.0,skill,0.6874705729971389
pyramid,0,U500,12.0,skill,0.4912257128780112
pyramid,0,U500,18.0,skill,0.34047600041112636
pyramid,0,U500,24.0,skill,0.22292706436371756
pyramid,0,U500,30.0,skill,0.11715937728922188
pyramid,0,U500,36.0,skill,0.025113252797452912
pyramid,0,U500,42.0,skill,-0.06527492045295813
pyramid,0,U500,48.0,skill,-0.1573820215562438
pyramid,0,U500,54.0,skill,-0.26391761829125415
pyramid,0,U500,60.0,skill,-0.38674757576094554
pyramid,0,U500,66.0,skill,-0.5370795862810065
pyramid,0,U500,72.0,skill,-0.7215267828154013
pyramid,0,U500,78.0,skill,-0.956582387370404
pyramid,0,U500,84.0,skill,-1.25109209827905
pyramid,0,U500,90.0,skill,-1.627841558296002
pyramid,0,U500,96.0,skill,-2.1172451581821514
pyramid,0,U500,102.0,skill,-2.7645384942211026
pyramid,0,U500,108.0,skill,-3.6228285621969816
pyramid,0,U500,114.0,skill,-4.748410528007843
pyramid,0,U500,120.0,skill,-6.19876723339546
pyramid,0,U500,6.0,rmse_persistence,2.5872110888918365
pyramid,0,U500,12.0,rmse_persistence,4.2736184118042715
pyramid,0,U500,18.0,rmse_persistence,5.498154098037891
pyramid,0,U500,24.0,rmse_persistence,6.377262485601142
pyramid,0,U500,30.0,rmse_persistence,7.083157814523433
pyramid,0,U500,36.0,rmse_persistence,7.605204937245681
pyramid,0,U500,42.0,rmse_persistence,8.0229349002943
pyramid,0,U500,48.0,rmse_persistence,8.340069895770466
pyramid,0,U500,54.0,rmse_persistence,8.627345587824617
pyramid,0,U500,60.0,rmse_persistence,8.84911847415479
pyramid,0,U500,66.0,rmse_persistence,9.044592613727021
pyramid,0,U500,72.0,rmse_persistence,9.196824947969867
pyramid,0,U500,78.0,rmse_persistence,9.35067540275968
pyramid,0,U500,84.0,rmse_persistence,9.473649951097277
pyramid,0,U500,90.0,rmse_persistence,9.587223015129837
pyramid,0,U500,96.0,rmse_persistence,9.673794288739634
pyramid,0,U500,102.0,rmse_persistence,9.773253849875754
pyramid,0,U500,108.0,rmse_persistence,9.848539790815042
pyramid,0,U500,114.0,rmse_persistence,9.926576991140212
pyramid,0,U500,120.0,rmse_persistence,9.980210867881658
pyramid,0,U500,6.0,acc,0.9504445126363372
pyramid,0,U500,12.0,acc,0.8677138358775873
pyramid,0,U500,18.0,acc,0.7769807333756908
pyramid,0,U500,24.0,acc,0.6896715198299319
pyramid,0,U500,30.0,acc,0.6024963695825448
pyramid,0,U500,36.0,acc,0.5228254260233706
pyramid,0,U500,42.0,acc,0.44820734417702013
pyramid,0,U500,48.0,acc,0.38044248923802326
pyramid,0,U500,54.0,acc,0.31653389237671115
pyramid,0,U500,60.0,acc,0.25964982216183996
pyramid,0,U500,66.0,acc,0.20981285723629745
pyramid,0,U500,72.0,acc,0.16770148015305142
pyramid,0,U500,78.0,acc,0.13159149266125217
pyramid,0,U500,84.0,acc,0.10215068268307703
pyramid,0,U500,90.0,acc,0.07859128410825408
pyramid,0,U500,96.0,acc,0.05993847240488887
pyramid,0,U500,102.0,acc,0.04531533690656305
pyramid,0,U500,108.0,acc,0.034043322249425384
pyramid,0,U500,114.0,acc,0.025984727165565345
pyramid,0,U500,120.0,acc,0.019730624105641484
pyramid,0,U850,6.0,rmse,1.875941531039837
pyramid,0,U850,12.0,rmse,2.9578132841891174
pyramid,0,U850,18.0,rmse,3.7497380670994485
pyramid,0,U850,24.0,rmse,4.317365944798642
pyramid,0,U850,30.0,rmse,4.876889582678332
pyramid,0,U850,36.0,rmse,5.315219676067094
pyramid,0,U850,42.0,rmse,5.7136459060225375
pyramid,0,U850,48.0,rmse,6.087288060693705
pyramid,0,U850,54.0,rmse,6.558979782322928
pyramid,0,U850,60.0,rmse,7.078964435574829
pyramid,0,U850,66.0,rmse,7.714748770741966
pyramid,0,U850,72.0,rmse,8.495904692955271
pyramid,0,U850,78.0,rmse,9.548038378276502
pyramid,0,U850,84.0,rmse,10.905342570148816
pyramid,0,U850,90.0,rmse,12.72546214563141
pyramid,0,U850,96.0,rmse,15.203783868614387
pyramid,0,U850,102.0,rmse,18.641618294541395
pyramid,0,U850,108.0,rmse,23.31731637265253
pyramid,0,U850,114.0,rmse,29.534238987568465
pyramid,0,U850,120.0,rmse,37.45050615575531
pyramid,0,U850,6.0,rmse_climatology,5.028255375937552
pyramid,0,U850,12.0,rmse_climatology,5.028001424695573
pyramid,0,U850,18.0,rmse_climatology,5.027583703750237
pyramid,0,U850,24.0,rmse_climatology,5.026955278170639
pyramid,0,U850,30.0,rmse_climatology,5.027527265831965
pyramid,0,U850,36.0,rmse_climatology,5.0281588010845555
pyramid,0,U850,42.0,rmse_climatology,5.027663638562087
pyramid,0,U850,48.0,rmse_climatology,5.027123456158638
pyramid,0,U850,54.0,rmse_climatology,5.026542233391747
pyramid,0,U850,60.0,rmse_climatology,5.027119571639172
pyramid,0,U850,66.0,rmse_climatology,5.027671188261598
pyramid,0,U850,72.0,rmse_climatology,5.02704788390241
pyramid,0,U850,78.0,rmse_climatology,5.0262258152529435
pyramid,0,U850,84.0,rmse_climatology,5.025560874669753
pyramid,0,U850,90.0,rmse_climatology,5.02570629803791
pyramid,0,U850,96.0,rmse_climatology,5.026083028977256
pyramid,0,U850,102.0,rmse_climatology,5.0251684974273205
pyramid,0,U850,108.0,rmse_climatology,5.024330609189269
pyramid,0,U850,114.0,rmse_climatology,5.0236324102540655
pyramid,0,U850,120.0,rmse_climatology,5.023991825175034
pyramid,0,U850,6.0,skill,0.6269199969402797
pyramid,0,U850,12.0,skill,0.4117318126320535
pyramid,0,U850,18.0,skill,0.2541669541369549
pyramid,0,U850,24.0,skill,0.14115688207001986
pyramid,0,U850,30.0,skill,0.02996257905499511
pyramid,0,U850,36.0,skill,-0.05709065412186676
pyramid,0,U850,42.0,skill,-0.13644155949474812
pyramid,0,U850,48.0,skill,-0.2108889136661798
pyramid,0,U850,54.0,skill,-0.3048691282749141
pyramid,0,U850,60.0,skill,-0.4081551740904026
pyramid,0,U850,66.0,skill,-0.5344577005660289
pyramid,0,U850,72.0,skill,-0.6900385453181812
pyramid,0,U850,78.0,skill,-0.8996437345296631
pyramid,0,U850,84.0,skill,-1.169975221097176
pyramid,0,U850,90.0,skill,-1.532074377406329
pyramid,0,U850,96.0,skill,-2.024976662931922
pyramid,0,U850,102.0,skill,-2.709650393630609
pyramid,0,U850,108.0,skill,-3.6408801861100137
pyramid,0,U850,114.0,skill,-4.87906052347385
pyramid,0,U850,120.0,skill,-6.454332622137687
pyramid,0,U850,6.0,rmse_persistence,2.01487450712123
pyramid,0,U850,12.0,rmse_persistence,3.2216523716010395
pyramid,0,U850,18.0,rmse_persistence,4.052330864120371
pyramid,0,U850,24.0,rmse_persistence,4.5937067465248465
pyramid,0,U850,30.0,rmse_persistence,5.079456748141319
pyramid,0,U850,36.0,rmse_persistence,5.4025910547917935
pyramid,0,U850,42.0,rmse_persistence,5.638504673561638
pyramid,0,U850,48.0,rmse_persistence,5.791396122377381
pyramid,0,U850,54.0,rmse_persistence,5.97963357814842
pyramid,0,U850,60.0,rmse_persistence,6.106052600480689
pyramid,0,U850,66.0,rmse_persistence,6.207019204788295
pyramid,0,U850,72.0,rmse_persistence,6.262935903093379
pyramid,0,U850,78.0,rmse_persistence,6.372932542273558
pyramid,0,U850,84.0,rmse_persistence,6.4410390798583474
pyramid,0,U850,90.0,rmse_persistence,6.501244192373462
pyramid,0,U850,96.0,rmse_persistence,6.527186798152961
pyramid,0,U850,102.0,rmse_persistence,6.605746537319228
pyramid,0,U850,108.0,rmse_persistence,6.649305816341423
pyramid,0,U850,114.0,rmse_persistence,6.688446595278953
pyramid,0,U850,120.0,rmse_persistence,6.699511038693856
pyramid,0,U850,6.0,acc,0.9292272839228265
pyramid,0,U850,12.0,acc,0.8222459842706058
pyramid,0,U850,18.0,acc,0.712595611503207
pyramid,0,U850,24.0,acc,0.6164926614865218
pyramid,0,U850,30.0,acc,0.5172973805739909
pyramid,0,U850,36.0,acc,0.436482804048005
pyramid,0,U850,42.0,acc,0.36809253295901806
pyramid,0,U850,48.0,acc,0.31095172948636784
pyramid,0,U850,54.0,acc,0.2559336736353676
pyramid,0,U850,60.0,acc,0.21004931343037436
pyramid,0,U850,66.0,acc,0.1704902629315842
pyramid,0,U850,72.0,acc,0.137463665788093
pyramid,0,U850,78.0,acc,0.10799486769266115
pyramid,0,U850,84.0,acc,0.08444682577193359
pyramid,0,U850,90.0,acc,0.06500968676791755
pyramid,0,U850,96.0,acc,0.04934465416880918
pyramid,0,U850,102.0,acc,0.03669097821362474
pyramid,0,U850,108.0,acc,0.027752456255388927
pyramid,0,U850,114.0,acc,0.02141055261857401
pyramid,0,U850,120.0,acc,0.01635602332003254
pyramid,0,V250,6.0,rmse,4.145108545698795
pyramid,0,V250,12.0,rmse,6.766916250847943
pyramid,0,V250,18.0,rmse,8.704270011985663
pyramid,0,V250,24.0,rmse,10.192130832886793
pyramid,0,V250,30.0,rmse,11.40130171791462
pyramid,0,V250,36.0,rmse,12.369538569998095
pyramid,0,V250,42.0,rmse,13.190432729403383
pyramid,0,V250,48.0,rmse,13.946017867275842
pyramid,0,V250,54.0,rmse,14.741191083389413
pyramid,0,V250,60.0,rmse,15.62951861999519
pyramid,0,V250,66.0,rmse,16.71665592933093
pyramid,0,V250,72.0,rmse,18.08164944738912
pyramid,0,V250,78.0,rmse,19.872761360256497
pyramid,0,V250,84.0,rmse,22.236299305409247
pyramid,0,V250,90.0,rmse,25.46080099788907
pyramid,0,V250,96.0,rmse,29.97675881008077
pyramid,0,V250,102.0,rmse,36.39917466165965
pyramid,0,V250,108.0,rmse,45.46525079047919
pyramid,0,V250,114.0,rmse,57.89569264817099
pyramid,0,V250,120.0,rmse,74.13797321875678
pyramid,0,V250,6.0,rmse_climatology,12.042464679064574
pyramid,0,V250,12.0,rmse_climatology,12.038049037558643
pyramid,0,V250,18.0,rmse_climatology,12.04276533811035
pyramid,0,V250,24.0,rmse_climatology,12.039583538156087
pyramid,0,V250,30.0,rmse_climatology,12.038893267553503
pyramid,0,V250,36.0,rmse_climatology,12.038500373232823
pyramid,0,V250,42.0,rmse_climatology,12.034554347731978
pyramid,0,V250,48.0,rmse_climatology,12.039345472373691
pyramid,0,V250,54.0,rmse_climatology,12.036614812098946
pyramid,0,V250,60.0,rmse_climatology,12.036339014055208
pyramid,0,V250,66.0,rmse_climatology,12.035981472011677
pyramid,0,V250,72.0,rmse_climatology,12.03160129441586
pyramid,0,V250,78.0,rmse_climatology,12.036351892706127
pyramid,0,V250,84.0,rmse_climatology,12.033728432814017
pyramid,0,V250,90.0,rmse_climatology,12.033170600375843
pyramid,0,V250,96.0,rmse_climatology,12.032385860489647
pyramid,0,V250,102.0,rmse_climatology,12.028026817756517
pyramid,0,V250,108.0,rmse_climatology,12.0332375859865
pyramid,0,V250,114.0,rmse_climatology,12.030108927507635
pyramid,0,V250,120.0,rmse_climatology,12.029665938158553
pyramid,0,V250,6.0,skill,0.6557923434971805
pyramid,0,V250,12.0,skill,0.4378726793905555
pyramid,0,V250,18.0,skill,0.2772199932817536
pyramid,0,V250,24.0,skill,0.15344822347170983
pyramid,0,V250,30.0,skill,0.052960977015825916
pyramid,0,V250,36.0,skill,-0.027498291855464263
pyramid,0,V250,42.0,skill,-0.09604662941999509
pyramid,0,V250,48.0,skill,-0.15837010402910456
pyramid,0,V250,54.0,skill,-0.22469575653213436
pyramid,0,V250,60.0,skill,-0.2985276172218241
pyramid,0,V250,66.0,skill,-0.3888901348181397
pyramid,0,V250,72.0,skill,-0.5028464628213056
pyramid,0,V250,78.0,skill,-0.6510618447686904
pyramid,0,V250,84.0,skill,-0.847831237804443
pyramid,0,V250,90.0,skill,-1.1158846528024648
pyramid,0,V250,96.0,skill,-1.491339552907331
pyramid,0,V250,102.0,skill,-2.026196666599125
pyramid,0,V250,108.0,skill,-2.778305752346025
pyramid,0,V250,114.0,skill,-3.8125659540612045
pyramid,0,V250,120.0,skill,-5.162928679805509
pyramid,0,V250,6.0,rmse_persistence,5.27553072058924
pyramid,0,V250,12.0,rmse_persistence,8.781977227580079
pyramid,0,V250,18.0,rmse_persistence,11.152276639021668
pyramid,0,V250,24.0,rmse_persistence,12.753854855722297
pyramid,0,V250,30.0,rmse_persistence,13.878513381200285
pyramid,0,V250,36.0,rmse_persistence,14.635165968635253
pyramid,0,V250,42.0,rmse_persistence,15.15036715648457
pyramid,0,V250,48.0,rmse_persistence,15.505531686640765
pyramid,0,V250,54.0,rmse_persistence,15.77214877187947
pyramid,0,V250,60.0,rmse_persistence,15.961116595400574
pyramid,0,V250,66.0,rmse_persistence,16.096294284699272
pyramid,0,V250,72.0,rmse_persistence,16.179428484357476
pyramid,0,V250,78.0,rmse_persistence,16.271884764016907
pyramid,0,V250,84.0,rmse_persistence,16.33883140942343
pyramid,0,V250,90.0,rmse_persistence,16.392407395749913
pyramid,0,V250,96.0,rmse_persistence,16.439099260679594
pyramid,0,V250,102.0,rmse_persistence,16.50666735130081
pyramid,0,V250,108.0,rmse_persistence,16.56793385016487
pyramid,0,V250,114.0,rmse_persistence,16.614170972775113
pyramid,0,V250,120.0,rmse_persistence,16.65135251477776
pyramid,0,V250,6.0,acc,0.938968933840953
pyramid,0,V250,12.0,acc,0.8335427256831502
pyramid,0,V250,18.0,acc,0.717897678330089
pyramid,0,V250,24.0,acc,0.6035859096364584
pyramid,0,V250,30.0,acc,0.49470743633324865
pyramid,0,V250,36.0,acc,0.3989687080144462
pyramid,0,V250,42.0,acc,0.3174860469386746
pyramid,0,V250,48.0,acc,0.24985082072668985
pyramid,0,V250,54.0,acc,0.19298970809213975
pyramid,0,V250,60.0,acc,0.14810476857989152
pyramid,0,V250,66.0,acc,0.11208817708236911
pyramid,0,V250,72.0,acc,0.08422036317323725
pyramid,0,V250,78.0,acc,0.06273728329145803
pyramid,0,V250,84.0,acc,0.04703469386923338
pyramid,0,V250,90.0,acc,0.03518092557052222
pyramid,0,V250,96.0,acc,0.02589055057545963
pyramid,0,V250,102.0,acc,0.018485368139772456
pyramid,0,V250,108.0,acc,0.013417141686837174
pyramid,0,V250,114.0,acc,0.010107618487555203
pyramid,0,V250,120.0,acc,0.0067299791944099505
pyramid,0,V500,6.0,rmse,2.8452354279196346
pyramid,0,V500,12.0,rmse,4.4865939863442685
pyramid,0,V500,18.0,rmse,5.693977416651197
pyramid,0,V500,24.0,rmse,6.618817249461811
pyramid,0,V500,30.0,rmse,7.389896380397868
pyramid,0,V500,36.0,rmse,7.9951681809089905
pyramid,0,V500,42.0,rmse,8.509150560111339
pyramid,0,V500,48.0,rmse,8.961688718295258
pyramid,0,V500,54.0,rmse,9.452249716899766
pyramid,0,V500,60.0,rmse,9.993663925565954
pyramid,0,V500,66.0,rmse,10.656553678805665
pyramid,0,V500,72.0,rmse,11.480859223761183
pyramid,0,V500,78.0,rmse,12.571114108968558
pyramid,0,V500,84.0,rmse,14.00594839646802
pyramid,0,V500,90.0,rmse,15.94320378035702
pyramid,0,V500,96.0,rmse,18.618069923833033
pyramid,0,V500,102.0,rmse,22.47618776442798
pyramid,0,V500,108.0,rmse,28.06921273258634
pyramid,0,V500,114.0,rmse,36.045059484482906
pyramid,0,V500,120.0,rmse,46.854235265287194
pyramid,0,V500,6.0,rmse_climatology,7.758322324027996
pyramid,0,V500,12.0,rmse_climatology,7.761183636057713
pyramid,0,V500,18.0,rmse_climatology,7.758978176174941
pyramid,0,V500,24.0,rmse_climatology,7.757775058503656
pyramid,0,V500,30.0,rmse_climatology,7.756792837949207
pyramid,0,V500,36.0,rmse_climatology,7.757351252191605
pyramid,0,V500,42.0,rmse_climatology,7.759802039141687
pyramid,0,V500,48.0,rmse_climatology,7.757530328050462
pyramid,0,V500,54.0,rmse_climatology,7.756365689010501
pyramid,0,V500,60.0,rmse_climatology,7.755311944023451
pyramid,0,V500,66.0,rmse_climatology,7.756240452228724
pyramid,0,V500,72.0,rmse_climatology,7.758805332154475
pyramid,0,V500,78.0,rmse_climatology,7.756492641186185
pyramid,0,V500,84.0,rmse_climatology,7.755252085436215
pyramid,0,V500,90.0,rmse_climatology,7.754069915182841
pyramid,0,V500,96.0,rmse_climatology,7.754630822098355
pyramid,0,V500,102.0,rmse_climatology,7.757062116659821
pyramid,0,V500,108.0,rmse_climatology,7.754895151958558
pyramid,0,V500,114.0,rmse_climatology,7.7535089872334595
pyramid,0,V500,120.0,rmse_climatology,7.7523115140198
pyramid,0,V500,6.0,skill,0.6332666639657691
pyramid,0,V500,12.0,skill,0.4219188468238293
pyramid,0,V500,18.0,skill,0.2661433906161286
pyramid,0,V500,24.0,skill,0.1468150082275691
pyramid,0,V500,30.0,skill,0.04730002015218715
pyramid,0,V500,36.0,skill,-0.030656975684863808
pyramid,0,V500,42.0,skill,-0.09656799454287857
pyramid,0,V500,48.0,skill,-0.15522445151012532
pyramid,0,V500,54.0,skill,-0.21864415576641205
pyramid,0,V500,60.0,skill,-0.28862178564815366
pyramid,0,V500,66.0,skill,-0.37393286663044956
pyramid,0,V500,72.0,skill,-0.47971997392195975
pyramid,0,V500,78.0,skill,-0.6207214640051644
pyramid,0,V500,84.0,skill,-0.8059952458244581
pyramid,0,V500,90.0,skill,-1.0561078188293687
pyramid,0,V500,96.0,skill,-1.40089700605439
pyramid,0,V500,102.0,skill,-1.8975129277559777
pyramid,0,V500,108.0,skill,-2.6195476769917705
pyramid,0,V500,114.0,skill,-3.648870536402666
pyramid,0,V500,120.0,skill,-5.043905121788883
pyramid,0,V500,6.0,rmse_persistence,3.606968885877718
pyramid,0,V500,12.0,rmse_persistence,5.85458593920966
pyramid,0,V500,18.0,rmse_persistence,7.331281696986621
pyramid,0,V500,24.0,rmse_persistence,8.305318962099138
pyramid,0,V500,30.0,rmse_persistence,8.995668181158468
pyramid,0,V500,36.0,rmse_persistence,9.45484071704964
pyramid,0,V500,42.0,rmse_persistence,9.77511431679526
pyramid,0,V500,48.0,rmse_persistence,9.98648583498606
pyramid,0,V500,54.0,rmse_persistence,10.160235689641565
pyramid,0,V500,60.0,rmse_persistence,10.279429423083823
pyramid,0,V500,66.0,rmse_persistence,10.365919308967195
pyramid,0,V500,72.0,rmse_persistence,10.414683681915143
pyramid,0,V500,78.0,rmse_persistence,10.471443672169165
pyramid,0,V500,84.0,rmse_persistence,10.50834113341901
pyramid,0,V500,90.0,rmse_persistence,10.546793483204546
pyramid,0,V500,96.0,rmse_persistence,10.57221983685753
pyramid,0,V500,102.0,rmse_persistence,10.626703665076203
pyramid,0,V500,108.0,rmse_persistence,10.663069584000528
pyramid,0,V500,114.0,rmse_persistence,10.701457110933328
pyramid,0,V500,120.0,rmse_persistence,10.725381135395262
pyramid,0,V500,6.0,acc,0.9305174732196726
pyramid,0,V500,12.0,acc,0.8229283062653971
pyramid,0,V500,18.0,acc,0.7071345704233265
pyramid,0,V500,24.0,acc,0.5935352075544631
pyramid,0,V500,30.0,acc,0.48365724141453775
pyramid,0,V500,36.0,acc,0.38855789511722855
pyramid,0,V500,42.0,acc,0.30880848571140507
pyramid,0,V500,48.0,acc,0.2439828124273506
pyramid,0,V500,54.0,acc,0.1894039916332518
pyramid,0,V500,60.0,acc,0.14585084196304043
pyramid,0,V500,66.0,acc,0.11187177177007435
pyramid,0,V500,72.0,acc,0.0864190061448998
pyramid,0,V500,78.0,acc,0.06640626016859182
pyramid,0,V500,84.0,acc,0.05072929154966992
pyramid,0,V500,90.0,acc,0.038050386060395666
pyramid,0,V500,96.0,acc,0.029345741119146958
pyramid,0,V500,102.0,acc,0.022299239350873662
pyramid,0,V500,108.0,acc,0.01669533616878384
pyramid,0,V500,114.0,acc,0.01208060325405541
pyramid,0,V500,120.0,acc,0.008338283515736277
pyramid,0,V850,6.0,rmse,2.125066868927473
pyramid,0,V850,12.0,rmse,3.321822121583431
pyramid,0,V850,18.0,rmse,4.142506127256873
pyramid,0,V850,24.0,rmse,4.71734686012429
pyramid,0,V850,30.0,rmse,5.232445764223907
pyramid,0,V850,36.0,rmse,5.594322103816243
pyramid,0,V850,42.0,rmse,5.886963609838336
pyramid,0,V850,48.0,rmse,6.148008373768289
pyramid,0,V850,54.0,rmse,6.499424690544559
pyramid,0,V850,60.0,rmse,6.895737919105779
pyramid,0,V850,66.0,rmse,7.398866507453755
pyramid,0,V850,72.0,rmse,8.05997124384891
pyramid,0,V850,78.0,rmse,8.991834648510121
pyramid,0,V850,84.0,rmse,10.231925298535494
pyramid,0,V850,90.0,rmse,11.91386752962145
pyramid,0,V850,96.0,rmse,14.220055589316352
pyramid,0,V850,102.0,rmse,17.38411204860867
pyramid,0,V850,108.0,rmse,21.59125720621731
pyramid,0,V850,114.0,rmse,27.003211424524732
pyramid,0,V850,120.0,rmse,33.66231550170601
pyramid,0,V850,6.0,rmse_climatology,4.997628310937413
pyramid,0,V850,12.0,rmse_climatology,4.998415352948988
pyramid,0,V850,18.0,rmse_climatology,4.998130436516527
pyramid,0,V850,24.0,rmse_climatology,4.997786122053234
pyramid,0,V850,30.0,rmse_climatology,4.998093013351058
pyramid,0,V850,36.0,rmse_climatology,4.997426404506009
pyramid,0,V850,42.0,rmse_climatology,4.998352667679895
pyramid,0,V850,48.0,rmse_climatology,4.998599809442618
pyramid,0,V850,54.0,rmse_climatology,4.998299222597965
pyramid,0,V850,60.0,rmse_climatology,4.998650878910477
pyramid,0,V850,66.0,rmse_climatology,4.997534983091161
pyramid,0,V850,72.0,rmse_climatology,4.998599305742975
pyramid,0,V850,78.0,rmse_climatology,4.998523219919655
pyramid,0,V850,84.0,rmse_climatology,4.997936147726229
pyramid,0,V850,90.0,rmse_climatology,4.99792652219208
pyramid,0,V850,96.0,rmse_climatology,4.996755946939595
pyramid,0,V850,102.0,rmse_climatology,4.997680371155167
pyramid,0,V850,108.0,rmse_climatology,4.99746724933709
pyramid,0,V850,114.0,rmse_climatology,4.996993342080087
pyramid,0,V850,120.0,rmse_climatology,4.997135416491044
pyramid,0,V850,6.0,skill,0.5747849306286503
pyramid,0,V850,12.0,skill,0.3354249523054127
pyramid,0,V850,18.0,skill,0.1711888715445341
pyramid,0,V850,24.0,skill,0.05611269771859129
pyramid,0,V850,30.0,skill,-0.046888433297827437
pyramid,0,V850,36.0,skill,-0.11944061822942165
pyramid,0,V850,42.0,skill,-0.17778076123046183
pyramid,0,V850,48.0,skill,-0.22994610653855063
pyramid,0,V850,54.0,skill,-0.30032725154984896
pyramid,0,V850,60.0,skill,-0.3795198116754248
pyramid,0,V850,66.0,skill,-0.4805031945723932
pyramid,0,V850,72.0,skill,-0.6124459575282766
pyramid,0,V850,78.0,skill,-0.7988982451210165
pyramid,0,V850,84.0,skill,-1.0472300958047307
pyramid,0,V850,90.0,skill,-1.3837620414627572
pyramid,0,V850,96.0,skill,-1.8458575404359765
pyramid,0,V850,102.0,skill,-2.4784361458855155
pyramid,0,V850,108.0,skill,-3.320439960678356
pyramid,0,V850,114.0,skill,-4.40389181573017
pyramid,0,V850,120.0,skill,-5.736322451982594
pyramid,0,V850,6.0,rmse_persistence,2.5315420687692374
pyramid,0,V850,12.0,rmse_persistence,4.055545051350151
pyramid,0,V850,18.0,rmse_persistence,5.007401016124995
pyramid,0,V850,24.0,rmse_persistence,5.588502783354909
pyramid,0,V850,30.0,rmse_persistence,6.0381959191156405
pyramid,0,V850,36.0,rmse_persistence,6.308706844404643
pyramid,0,V850,42.0,rmse_persistence,6.48046083799561
pyramid,0,V850,48.0,rmse_persistence,6.566673476293
pyramid,0,V850,54.0,rmse_persistence,6.681509611182451
pyramid,0,V850,60.0,rmse_persistence,6.750097633724785
pyramid,0,V850,66.0,rmse_persistence,6.784281397924492
pyramid,0,V850,72.0,rmse_persistence,6.784858877865689
pyramid,0,V850,78.0,rmse_persistence,6.835005512793433
pyramid,0,V850,84.0,rmse_persistence,6.862495677325178
pyramid,0,V850,90.0,rmse_persistence,6.877890065609177
pyramid,0,V850,96.0,rmse_persistence,6.868169974236055
pyramid,0,V850,102.0,rmse_persistence,6.913400369874394
pyramid,0,V850,108.0,rmse_persistence,6.93513067382532
pyramid,0,V850,114.0,rmse_persistence,6.9521790226108084
pyramid,0,V850,120.0,rmse_persistence,6.951372252999971
pyramid,0,V850,6.0,acc,0.9066345541082472
pyramid,0,V850,12.0,acc,0.7654564936069973
pyramid,0,V850,18.0,acc,0.6245867690760969
pyramid,0,V850,24.0,acc,0.49807174195751014
pyramid,0,V850,30.0,acc,0.3757677019270272
pyramid,0,V850,36.0,acc,0.28314245473526356
pyramid,0,V850,42.0,acc,0.21329474353613181
pyramid,0,V850,48.0,acc,0.16156030189915377
pyramid,0,V850,54.0,acc,0.1174346397791668
pyramid,0,V850,60.0,acc,0.08684120478843857
pyramid,0,V850,66.0,acc,0.06463331560626413
pyramid,0,V850,72.0,acc,0.048672187925048876
pyramid,0,V850,78.0,acc,0.035824176413457906
pyramid,0,V850,84.0,acc,0.026382407362996973
pyramid,0,V850,90.0,acc,0.019908239904382015
pyramid,0,V850,96.0,acc,0.01469935720547758
pyramid,0,V850,102.0,acc,0.010461686046608631
pyramid,0,V850,108.0,acc,0.007515473913053315
pyramid,0,V850,114.0,acc,0.005403600990420672
pyramid,0,V850,120.0,acc,0.00413999510061814
pyramid,0,Z250,6.0,rmse,383.5723667824748
pyramid,0,Z250,12.0,rmse,671.5621075669346
pyramid,0,Z250,18.0,rmse,946.6009675775617
pyramid,0,Z250,24.0,rmse,1198.9953777770086
pyramid,0,Z250,30.0,rmse,1464.9859953912528
pyramid,0,Z250,36.0,rmse,1742.3668537870112
pyramid,0,Z250,42.0,rmse,2059.319342785567
pyramid,0,Z250,48.0,rmse,2425.065998059882
pyramid,0,Z250,54.0,rmse,2872.2456394396813
pyramid,0,Z250,60.0,rmse,3414.286768477916
pyramid,0,Z250,66.0,rmse,4079.9978504614505
pyramid,0,Z250,72.0,rmse,4891.222399946518
pyramid,0,Z250,78.0,rmse,5893.966875232436
pyramid,0,Z250,84.0,rmse,7140.176368515733
pyramid,0,Z250,90.0,rmse,8722.39401869265
pyramid,0,Z250,96.0,rmse,10784.874713675677
pyramid,0,Z250,102.0,rmse,13550.938860031909
pyramid,0,Z250,108.0,rmse,17297.868201268175
pyramid,0,Z250,114.0,rmse,22319.500033653443
pyramid,0,Z250,120.0,rmse,28832.545919104665
pyramid,0,Z250,6.0,rmse_climatology,1086.7695022631644
pyramid,0,Z250,12.0,rmse_climatology,1086.7335376003127
pyramid,0,Z250,18.0,rmse_climatology,1086.691641134642
pyramid,0,Z250,24.0,rmse_climatology,1086.6257971612465
pyramid,0,Z250,30.0,rmse_climatology,1086.5236903207972
pyramid,0,Z250,36.0,rmse_climatology,1086.4699017242235
pyramid,0,Z250,42.0,rmse_climatology,1086.4303464357001
pyramid,0,Z250,48.0,rmse_climatology,1086.395437222757
pyramid,0,Z250,54.0,rmse_climatology,1086.3309170358593
pyramid,0,Z250,60.0,rmse_climatology,1086.2291490546452
pyramid,0,Z250,66.0,rmse_climatology,1086.1646734758444
pyramid,0,Z250,72.0,rmse_climatology,1086.1189110664468
pyramid,0,Z250,78.0,rmse_climatology,1086.0665309491396
pyramid,0,Z250,84.0,rmse_climatology,1085.9828898012918
pyramid,0,Z250,90.0,rmse_climatology,1085.8596293786552
pyramid,0,Z250,96.0,rmse_climatology,1085.7924232473385
pyramid,0,Z250,102.0,rmse_climatology,1085.7396276258605
pyramid,0,Z250,108.0,rmse_climatology,1085.7018268234906
pyramid,0,Z250,114.0,rmse_climatology,1085.6386428236704
pyramid,0,Z250,120.0,rmse_climatology,1085.5230107560872
pyramid,0,Z250,6.0,skill,0.6470526951817317
pyramid,0,Z250,12.0,skill,0.3820360885798604
pyramid,0,Z250,18.0,skill,0.12891483494876987
pyramid,0,Z250,24.0,skill,-0.10341147882676971
pyramid,0,Z250,30.0,skill,-0.348324025000057
pyramid,0,Z250,36.0,skill,-0.6036954645700556
pyramid,0,Z250,42.0,skill,-0.8954913672484084
pyramid,0,Z250,48.0,skill,-1.232212981544989
pyramid,0,Z250,54.0,skill,-1.6439877521638002
pyramid,0,Z250,60.0,skill,-2.1432472342041273
pyramid,0,Z250,66.0,skill,-2.7563345136285973
pyramid,0,Z250,72.0,skill,-3.503394932276694
pyramid,0,Z250,78.0,skill,-4.426893019234795
pyramid,0,Z250,84.0,skill,-5.574851625721479
pyramid,0,Z250,90.0,skill,-7.032708632591611
pyramid,0,Z250,96.0,skill,-8.932722390363312
pyramid,0,Z250,102.0,skill,-11.48083657926639
pyramid,0,Z250,108.0,skill,-14.932429856803031
pyramid,0,Z250,114.0,skill,-19.558866600033674
pyramid,0,Z250,120.0,skill,-25.560971654596482
pyramid,0,Z250,6.0,rmse_persistence,281.8282994755206
pyramid,0,Z250,12.0,rmse_persistence,481.9905186011008
pyramid,0,Z250,18.0,rmse_persistence,663.5560603184231
pyramid,0,Z250,24.0,rmse_persistence,794.074092645489
pyramid,0,Z250,30.0,rmse_persistence,911.7828123477028
pyramid,0,Z250,36.0,rmse_persistence,993.6755150121893
pyramid,0,Z250,42.0,rmse_persistence,1065.0523360639968
pyramid,0,Z250,48.0,rmse_persistence,1113.429797592331
pyramid,0,Z250,54.0,rmse_persistence,1163.7084596588354
pyramid,0,Z250,60.0,rmse_persistence,1197.367990177746
pyramid,0,Z250,66.0,rmse_persistence,1231.4546100464765
pyramid,0,Z250,72.0,rmse_persistence,1252.459697786181
pyramid,0,Z250,78.0,rmse_persistence,1280.6201482954593
pyramid,0,Z250,84.0,rmse_persistence,1298.32110433761
pyramid,0,Z250,90.0,rmse_persistence,1319.6495805978684
pyramid,0,Z250,96.0,rmse_persistence,1331.4029473161604
pyramid,0,Z250,102.0,rmse_persistence,1351.7331208252156
pyramid,0,Z250,108.0,rmse_persistence,1363.2393823668583
pyramid,0,Z250,114.0,rmse_persistence,1379.0171066999662
pyramid,0,Z250,120.0,rmse_persistence,1386.0788418343311
pyramid,0,Z250,6.0,acc,0.9407477498531865
pyramid,0,Z250,12.0,acc,0.8343155844334094
pyramid,0,Z250,18.0,acc,0.7068777252096614
pyramid,0,Z250,24.0,acc,0.5853676360135691
pyramid,0,Z250,30.0,acc,0.4718987672431698
pyramid,0,Z250,36.0,acc,0.37754568104340186
pyramid,0,Z250,42.0,acc,0.29968332720447405
pyramid,0,Z250,48.0,acc,0.23802525681259534
pyramid,0,Z250,54.0,acc,0.1880026346886296
pyramid,0,Z250,60.0,acc,0.1481381330963641
pyramid,0,Z250,66.0,acc,0.11569300571108379
pyramid,0,Z250,72.0,acc,0.08933872495790023
pyramid,0,Z250,78.0,acc,0.06739763667245355
pyramid,0,Z250,84.0,acc,0.04915509683747694
pyramid,0,Z250,90.0,acc,0.03364621948328716
pyramid,0,Z250,96.0,acc,0.020608846319518568
pyramid,0,Z250,102.0,acc,0.009623135203442355
pyramid,0,Z250,108.0,acc,0.0008987843898391379
pyramid,0,Z250,114.0,acc,-0.005412285018880548
pyramid,0,Z250,120.0,acc,-0.009382055766082583
pyramid,0,Z500,6.0,rmse,256.37510953654305
pyramid,0,Z500,12.0,rmse,424.7035974201437
pyramid,0,Z500,18.0,rmse,599.8546608788248
pyramid,0,Z500,24.0,rmse,745.0939930303454
pyramid,0,Z500,30.0,rmse,903.9244452041494
pyramid,0,Z500,36.0,rmse,1057.7315113815105
pyramid,0,Z500,42.0,rmse,1238.9741918112684
pyramid,0,Z500,48.0,rmse,1441.8854760932363
pyramid,0,Z500,54.0,rmse,1695.9756916222948
pyramid,0,Z500,60.0,rmse,1999.6016316664916
pyramid,0,Z500,66.0,rmse,2379.726049052217
pyramid,0,Z500,72.0,rmse,2844.5395107464697
pyramid,0,Z500,78.0,rmse,3427.1511273670503
pyramid,0,Z500,84.0,rmse,4155.261374908019
pyramid,0,Z500,90.0,rmse,5090.101079616359
pyramid,0,Z500,96.0,rmse,6306.947898936911
pyramid,0,Z500,102.0,rmse,7915.487100009957
pyramid,0,Z500,108.0,rmse,10041.70682631272
pyramid,0,Z500,114.0,rmse,12823.897248328594
pyramid,0,Z500,120.0,rmse,16355.986246833465
pyramid,0,Z500,6.0,rmse_climatology,781.256910918837
pyramid,0,Z500,12.0,rmse_climatology,781.233754543098
pyramid,0,Z500,18.0,rmse_climatology,781.2557717946571
pyramid,0,Z500,24.0,rmse_climatology,781.2497651700995
pyramid,0,Z500,30.0,rmse_climatology,781.1802945236066
pyramid,0,Z500,36.0,rmse_climatology,781.1605072418797
pyramid,0,Z500,42.0,rmse_climatology,781.1214829813212
pyramid,0,Z500,48.0,rmse_climatology,781.1257013970202
pyramid,0,Z500,54.0,rmse_climatology,781.1018013737591
pyramid,0,Z500,60.0,rmse_climatology,781.033373521791
pyramid,0,Z500,66.0,rmse_climatology,781.0102796035418
pyramid,0,Z500,72.0,rmse_climatology,780.9660269282596
pyramid,0,Z500,78.0,rmse_climatology,780.945327832531
pyramid,0,Z500,84.0,rmse_climatology,780.9044439024817
pyramid,0,Z500,90.0,rmse_climatology,780.8204121608493
pyramid,0,Z500,96.0,rmse_climatology,780.7889489241511
pyramid,0,Z500,102.0,rmse_climatology,780.7397708577838
pyramid,0,Z500,108.0,rmse_climatology,780.7283901198545
pyramid,0,Z500,114.0,rmse_climatology,780.7083620435528
pyramid,0,Z500,120.0,rmse_climatology,780.6371388261281
pyramid,0,Z500,6.0,skill,0.6718427626643071
pyramid,0,Z500,12.0,skill,0.45636809091981667
pyramid,0,Z500,18.0,skill,0.2321917065638156
pyramid,0,Z500,24.0,skill,0.04627940224965321
pyramid,0,Z500,30.0,skill,-0.15712653217321226
pyramid,0,Z500,36.0,skill,-0.3540514421500227
pyramid,0,Z500,42.0,skill,-0.5861478896758185
pyramid,0,Z500,48.0,skill,-0.8459070973013265
pyramid,0,Z500,54.0,skill,-1.1712607609398744
pyramid,0,Z500,60.0,skill,-1.560199985629298
pyramid,0,Z500,66.0,skill,-2.0469842858665306
pyramid,0,Z500,72.0,skill,-2.6423345096518167
pyramid,0,Z500,78.0,skill,-3.388464858198091
pyramid,0,Z500,84.0,skill,-4.321088139981084
pyramid,0,Z500,90.0,skill,-5.518913952992044
pyramid,0,Z500,96.0,skill,-7.077660304525638
pyramid,0,Z500,102.0,skill,-9.138444838429793
pyramid,0,Z500,108.0,skill,-11.861972170335903
pyramid,0,Z500,114.0,skill,-15.425976551296625
pyramid,0,Z500,120.0,skill,-19.95209852740102
pyramid,0,Z500,6.0,rmse_persistence,217.73869040689897
pyramid,0,Z500,12.0,rmse_persistence,348.3626241248843
pyramid,0,Z500,18.0,rmse_persistence,483.8411712905642
pyramid,0,Z500,24.0,rmse_persistence,570.0721175797385
pyramid,0,Z500,30.0,rmse_persistence,656.6966140254239
pyramid,0,Z500,36.0,rmse_persistence,709.8680748109073
pyramid,0,Z500,42.0,rmse_persistence,764.9899504295225
pyramid,0,Z500,48.0,rmse_persistence,796.7096331939707
pyramid,0,Z500,54.0,rmse_persistence,836.5300981322013
pyramid,0,Z500,60.0,rmse_persistence,857.8835932100063
pyramid,0,Z500,66.0,rmse_persistence,886.6856104746299
pyramid,0,Z500,72.0,rmse_persistence,899.7441520535727
pyramid,0,Z500,78.0,rmse_persistence,923.4856722439499
pyramid,0,Z500,84.0,rmse_persistence,933.5386386122535
pyramid,0,Z500,90.0,rmse_persistence,952.8070334837087
pyramid,0,Z500,96.0,rmse_persistence,959.2507527672313
pyramid,0,Z500,102.0,rmse_persistence,976.9423786032511
pyramid,0,Z500,108.0,rmse_persistence,982.6158263590004
pyramid,0,Z500,114.0,rmse_persistence,997.6174773013685
pyramid,0,Z500,120.0,rmse_persistence,1000.7373237565982
pyramid,0,Z500,6.0,acc,0.9469454928845182
pyramid,0,Z500,12.0,acc,0.8594727802012593
pyramid,0,Z500,18.0,acc,0.7397060503578302
pyramid,0,Z500,24.0,acc,0.6279766190893149
pyramid,0,Z500,30.0,acc,0.5144265409674583
pyramid,0,Z500,36.0,acc,0.4191164757641141
pyramid,0,Z500,42.0,acc,0.33368430137403465
pyramid,0,Z500,48.0,acc,0.2636566043238153
pyramid,0,Z500,54.0,acc,0.20399002747647402
pyramid,0,Z500,60.0,acc,0.15717167344385238
pyramid,0,Z500,66.0,acc,0.1197990110122581
pyramid,0,Z500,72.0,acc,0.09077653550062538
pyramid,0,Z500,78.0,acc,0.06815874194832666
pyramid,0,Z500,84.0,acc,0.05116815836450431
pyramid,0,Z500,90.0,acc,0.03827491260994204
pyramid,0,Z500,96.0,acc,0.028558806241688564
pyramid,0,Z500,102.0,acc,0.020907450287193746
pyramid,0,Z500,108.0,acc,0.014716524445972571
pyramid,0,Z500,114.0,acc,0.009438293427136035
pyramid,0,Z500,120.0,acc,0.004786674804870172
pyramid,0,Z850,6.0,rmse,179.06195630332755
pyramid,0,Z850,12.0,rmse,260.76884786498755
pyramid,0,Z850,18.0,rmse,372.6732007589294
pyramid,0,Z850,24.0,rmse,443.56147777122595
pyramid,0,Z850,30.0,rmse,535.4429777160475
pyramid,0,Z850,36.0,rmse,603.0071541476372
pyramid,0,Z850,42.0,rmse,688.5822868155454
pyramid,0,Z850,48.0,rmse,765.8154066571947
pyramid,0,Z850,54.0,rmse,871.5772716420453
pyramid,0,Z850,60.0,rmse,983.4937293300599
pyramid,0,Z850,66.0,rmse,1130.0669466809566
pyramid,0,Z850,72.0,rmse,1300.3740472210532
pyramid,0,Z850,78.0,rmse,1522.7063101648525
pyramid,0,Z850,84.0,rmse,1793.9603504757283
pyramid,0,Z850,90.0,rmse,2144.38699151911
pyramid,0,Z850,96.0,rmse,2590.94973516347
pyramid,0,Z850,102.0,rmse,3182.328832674256
pyramid,0,Z850,108.0,rmse,3963.8178866425774
pyramid,0,Z850,114.0,rmse,5003.916919432666
pyramid,0,Z850,120.0,rmse,6348.416280975558
pyramid,0,Z850,6.0,rmse_climatology,533.1634953080916
pyramid,0,Z850,12.0,rmse_climatology,533.1129484622232
pyramid,0,Z850,18.0,rmse_climatology,533.1650494395991
pyramid,0,Z850,24.0,rmse_climatology,533.2039678142154
pyramid,0,Z850,30.0,rmse_climatology,533.1419087595269
pyramid,0,Z850,36.0,rmse_climatology,533.1469118479429
pyramid,0,Z850,42.0,rmse_climatology,533.0980755535197
pyramid,0,Z850,48.0,rmse_climatology,533.1339585844407
pyramid,0,Z850,54.0,rmse_climatology,533.1453711727073
pyramid,0,Z850,60.0,rmse_climatology,533.0665158651468
pyramid,0,Z850,66.0,rmse_climatology,533.0329089134351
pyramid,0,Z850,72.0,rmse_climatology,532.9557830101209
pyramid,0,Z850,78.0,rmse_climatology,532.9504133698515
pyramid,0,Z850,84.0,rmse_climatology,532.9315391895145
pyramid,0,Z850,90.0,rmse_climatology,532.827941041332
pyramid,0,Z850,96.0,rmse_climatology,532.7863141606698
pyramid,0,Z850,102.0,rmse_climatology,532.7145639848561
pyramid,0,Z850,108.0,rmse_climatology,532.7190204680558
pyramid,0,Z850,114.0,rmse_climatology,532.7284093155546
pyramid,0,Z850,120.0,rmse_climatology,532.652564771744
pyramid,0,Z850,6.0,skill,0.6641518823417278
pyramid,0,Z850,12.0,skill,0.5108562854885041
pyramid,0,Z850,18.0,skill,0.3010171969249672
pyramid,0,Z850,24.0,skill,0.1681204481850811
pyramid,0,Z850,30.0,skill,-0.0043160534160118225
pyramid,0,Z850,36.0,skill,-0.13103375588831856
pyramid,0,Z850,42.0,skill,-0.2916615504578315
pyramid,0,Z850,48.0,skill,-0.4364408688025836
pyramid,0,Z850,54.0,skill,-0.6347835295370241
pyramid,0,Z850,60.0,skill,-0.8449737510409685
pyramid,0,Z850,66.0,skill,-1.1200697513865512
pyramid,0,Z850,72.0,skill,-1.4399285807099669
pyramid,0,Z850,78.0,skill,-1.8571256761708153
pyramid,0,Z850,84.0,skill,-2.366211639874033
pyramid,0,Z850,90.0,skill,-3.0245393049925804
pyramid,0,Z850,96.0,skill,-3.863018561663222
pyramid,0,Z850,102.0,skill,-4.973797316276719
pyramid,0,Z850,108.0,skill,-6.44072904166234
pyramid,0,Z850,114.0,skill,-8.39299806793045
pyramid,0,Z850,120.0,skill,-10.91849378158167
pyramid,0,Z850,6.0,rmse_persistence,176.96590613193587
pyramid,0,Z850,12.0,rmse_persistence,254.9935494905599
pyramid,0,Z850,18.0,rmse_persistence,357.7151950356066
pyramid,0,Z850,24.0,rmse_persistence,409.1470685162853
pyramid,0,Z850,30.0,rmse_persistence,476.7196745435814
pyramid,0,Z850,36.0,rmse_persistence,507.7639200148925
pyramid,0,Z850,42.0,rmse_persistence,549.7651838967713
pyramid,0,Z850,48.0,rmse_persistence,564.4467000872278
pyramid,0,Z850,54.0,rmse_persistence,596.806500533019
pyramid,0,Z850,60.0,rmse_persistence,606.3219962250467
pyramid,0,Z850,66.0,rmse_persistence,629.3664367843932
pyramid,0,Z850,72.0,rmse_persistence,631.9235566610878
pyramid,0,Z850,78.0,rmse_persistence,652.729427203813
pyramid,0,Z850,84.0,rmse_persistence,654.9806434550819
pyramid,0,Z850,90.0,rmse_persistence,671.3744905069782
pyramid,0,Z850,96.0,rmse_persistence,669.8001632710407
pyramid,0,Z850,102.0,rmse_persistence,686.0492999542049
pyramid,0,Z850,108.0,rmse_persistence,685.1506988445057
pyramid,0,Z850,114.0,rmse_persistence,698.4239280880929
pyramid,0,Z850,120.0,rmse_persistence,694.842537953044
pyramid,0,Z850,6.0,acc,0.9440364275601807
pyramid,0,Z850,12.0,acc,0.8803960593098584
pyramid,0,Z850,18.0,acc,0.7655485659281888
pyramid,0,Z850,24.0,acc,0.6723454386614361
pyramid,0,Z850,30.0,acc,0.5566631177418787
pyramid,0,Z850,36.0,acc,0.46918318933801073
pyramid,0,Z850,42.0,acc,0.3809959723333841
pyramid,0,Z850,48.0,acc,0.31308159060445034
pyramid,0,Z850,54.0,acc,0.24722210108005954
pyramid,0,Z850,60.0,acc,0.19569523021836005
pyramid,0,Z850,66.0,acc,0.15068720398924904
pyramid,0,Z850,72.0,acc,0.11591218258658763
pyramid,0,Z850,78.0,acc,0.08664546878177955
pyramid,0,Z850,84.0,acc,0.06407660231985923
pyramid,0,Z850,90.0,acc,0.045790546307210404
pyramid,0,Z850,96.0,acc,0.03221568122350088
pyramid,0,Z850,102.0,acc,0.021554832197273135
pyramid,0,Z850,108.0,acc,0.013928633803152766
pyramid,0,Z850,114.0,acc,0.007914114438954787
pyramid,0,Z850,120.0,acc,0.003679763512845425
